{"type": "FeatureCollection", "name": "civil_airport_no_fly_from_xls", "metadata": {"source_file": "/Users/leonzhao/dailywork/民航机场禁飞区.xls", "source_sheet": "Sheet1", "total_rows": 223, "features": 213, "skipped_rows_without_geometry": 3, "coord_columns_order": ["A1", "A2", "C2", "B2", "B3", "C3", "A3", "A4", "C4", "B4", "B1", "C1"], "encrypted_password_used": "VelvetSweatshop"}, "features": [{"type": "Feature", "geometry": {"type": "Polygon", "coordinates": [[[116.52833333, 40.22833333], [116.61333333, 40.23666667], [116.61, 40.15333333], [116.67833333, 40.09833333], [116.685, 40.06166667], [116.63666667, 39.99666667], [116.66666667, 39.91666667], [116.58166667, 39.90833333], [116.585, 39.99166667], [116.51666667, 40.04666667], [116.51166667, 40.08], [116.55833333, 40.14833333], [116.52833333, 40.22833333]]]}, "properties": {"source": "CAAC XLS", "airport_name": "北京/首都", "icao": "ZBAA", "runway": "18L/36R", "airport_elevation_m": 35.3}}, {"type": "Feature", "geometry": {"type": "Polygon", "coordinates": [[[116.50333333, 40.24333333], [116.58833333, 40.25166667], [116.585, 40.16333333], [116.65333333, 40.10833333], [116.655, 40.08], [116.60833333, 40.01833333], [116.63833333, 39.935], [116.55333333, 39.92666667], [116.55666667, 40.01], [116.49333333, 40.06833333], [116.48666667, 40.09333333], [116.53333333, 40.15833333], [116.50333333, 40.24333333]]]}, "properties": {"source": "CAAC XLS", "airport_name": "北京/首都", "icao": "ZBAA", "runway": "18R/36L", "airport_elevation_m": 35.3}}, {"type": "Feature", "geometry": {"type": "Polygon", "coordinates": [[[116.54833333, 40.235], [116.63333333, 40.24], [116.63, 40.15666667], [116.69333333, 40.10166667], [116.70166667, 40.06833333], [116.65166667, 40.0], [116.685, 39.92], [116.59666667, 39.91], [116.6, 39.995], [116.53666667, 40.05], [116.52833333, 40.08666667], [116.57833333, 40.15166667], [116.54833333, 40.235]]]}, "properties": {"source": "CAAC XLS", "airport_name": "北京/首都", "icao": "ZBAA", "runway": "01/19", "airport_elevation_m": 35.3}}, {"type": "Feature", "geometry": {"type": "Polygon", "coordinates": [[[116.495, 39.33], [116.41333333, 39.32166667], [116.41666667, 39.41], [116.34833333, 39.465], [116.34666667, 39.49166667], [116.39, 39.55833333], [116.36333333, 39.64333333], [116.445, 39.65166667], [116.44166667, 39.56333333], [116.50666667, 39.50833333], [116.51166667, 39.47833333], [116.465, 39.415], [116.495, 39.33]]]}, "properties": {"source": "CAAC XLS", "airport_name": "北京/大兴", "icao": "ZBAD", "runway": "01L/19R", "airport_elevation_m": 25.2}}, {"type": "Feature", "geometry": {"type": "Polygon", "coordinates": [[[116.465, 39.345], [116.38333333, 39.335], [116.38666667, 39.42], [116.32166667, 39.475], [116.31333333, 39.51166667], [116.36, 39.57666667], [116.33, 39.66], [116.41666667, 39.665], [116.41166667, 39.58166667], [116.47666667, 39.52666667], [116.48166667, 39.49333333], [116.43833333, 39.425], [116.465, 39.345]]]}, "properties": {"source": "CAAC XLS", "airport_name": "北京/大兴", "icao": "ZBAD", "runway": "17L/35R", "airport_elevation_m": 25.2}}, {"type": "Feature", "geometry": {"type": "Polygon", "coordinates": [[[116.45666667, 39.34166667], [116.375, 39.33333333], [116.375, 39.42], [116.31, 39.47666667], [116.305, 39.50833333], [116.35333333, 39.57333333], [116.32166667, 39.65666667], [116.40833333, 39.66666667], [116.405, 39.57833333], [116.47, 39.52666667], [116.47333333, 39.49], [116.42666667, 39.42666667], [116.45666667, 39.34166667]]]}, "properties": {"source": "CAAC XLS", "airport_name": "北京/大兴", "icao": "ZBAD", "runway": "17R/35L", "airport_elevation_m": 25.2}}, {"type": "Feature", "geometry": {"type": "Polygon", "coordinates": [[[116.66833333, 39.50666667], [116.64833333, 39.44333333], [116.54333333, 39.475], [116.455, 39.44833333], [116.41166667, 39.45333333], [116.44833333, 39.58], [116.49166667, 39.57], [116.555, 39.51666667], [116.66833333, 39.50666667]]]}, "properties": {"source": "CAAC XLS", "airport_name": "北京/大兴", "icao": "ZBAD", "runway": "11L/29R", "airport_elevation_m": 25.2}}, {"type": "Feature", "geometry": {"type": "Polygon", "coordinates": [[[118.80166667, 42.00333333], [118.71833333, 42.02666667], [118.78, 42.1], [118.75666667, 42.17166667], [118.76833333, 42.19333333], [118.85333333, 42.235], [118.88166667, 42.31833333], [118.96, 42.29], [118.90333333, 42.21666667], [118.92666667, 42.14666667], [118.915, 42.12333333], [118.82666667, 42.08666667], [118.80166667, 42.00333333]]]}, "properties": {"source": "CAAC XLS", "airport_name": "赤峰/玉龙", "icao": "ZBCF", "runway": "03/21", "airport_elevation_m": 621.2}}, {"type": "Feature", "geometry": {"type": "Polygon", "coordinates": [[[119.24333333, 39.74333333], [119.26666667, 39.67833333], [119.16, 39.66666667], [119.10166667, 39.61], [119.07166667, 39.60333333], [118.97833333, 39.625], [118.88, 39.59166667], [118.85333333, 39.65166667], [118.96333333, 39.66666667], [119.025, 39.72333333], [119.05166667, 39.73], [119.145, 39.705], [119.24333333, 39.74333333]]]}, "properties": {"source": "CAAC XLS", "airport_name": "秦皇岛/北戴河", "icao": "ZBDH", "runway": "08/26", "airport_elevation_m": 16.1}}, {"type": "Feature", "geometry": {"type": "Polygon", "coordinates": [[[110.05666667, 39.43333333], [110.00833333, 39.37833333], [109.92833333, 39.43666667], [109.83166667, 39.43333333], [109.80166667, 39.44666667], [109.765, 39.51833333], [109.66166667, 39.55333333], [109.71, 39.60833333], [109.79333333, 39.55], [109.89, 39.55333333], [109.91833333, 39.54], [109.95666667, 39.46833333], [110.05666667, 39.43333333]]]}, "properties": {"source": "CAAC XLS", "airport_name": "鄂尔多斯/伊金霍洛", "icao": "ZBDS", "runway": "13/31", "airport_elevation_m": 1399.9}}, {"type": "Feature", "geometry": {"type": "Polygon", "coordinates": [[[113.66333333, 39.98], [113.60666667, 39.93333333], [113.535, 39.99666667], [113.43666667, 40.00666667], [113.41, 40.025], [113.39166667, 40.095], [113.295, 40.14166667], [113.355, 40.19333333], [113.42666667, 40.125], [113.52, 40.12], [113.54666667, 40.10166667], [113.57, 40.02666667], [113.66333333, 39.98]]]}, "properties": {"source": "CAAC XLS", "airport_name": "大同/云冈", "icao": "ZBDT", "runway": "14/32", "airport_elevation_m": 1056.7}}, {"type": "Feature", "geometry": {"type": "Polygon", "coordinates": [[[112.30666667, 43.40166667], [112.275, 43.34], [112.175, 43.37833333], [112.07666667, 43.35833333], [112.04166667, 43.37], [111.98666667, 43.43166667], [111.87166667, 43.44666667], [111.9, 43.50833333], [112.00333333, 43.46666667], [112.10166667, 43.48666667], [112.13666667, 43.47833333], [112.19166667, 43.41666667], [112.30666667, 43.40166667]]]}, "properties": {"source": "CAAC XLS", "airport_name": "二连浩特/赛乌素", "icao": "ZBER", "runway": "12/30", "airport_elevation_m": 1014.6}}, {"type": "Feature", "geometry": {"type": "Polygon", "coordinates": [[[120.11833333, 47.38666667], [120.14666667, 47.32666667], [120.02166667, 47.31166667], [119.95333333, 47.25166667], [119.92333333, 47.245], [119.82, 47.27166667], [119.70666667, 47.235], [119.68, 47.29666667], [119.80166667, 47.31], [119.87, 47.36666667], [119.90166667, 47.37333333], [120.00166667, 47.35], [120.11833333, 47.38666667]]]}, "properties": {"source": "CAAC XLS", "airport_name": "阿尔山/伊尔施", "icao": "ZBES", "runway": "08/26", "airport_elevation_m": 896.0}}, {"type": "Feature", "geometry": {"type": "Polygon", "coordinates": [[[112.01333333, 40.92666667], [112.04166667, 40.86666667], [111.92666667, 40.85166667], [111.86833333, 40.79166667], [111.82666667, 40.785], [111.73666667, 40.80666667], [111.635, 40.76833333], [111.60666667, 40.835], [111.71833333, 40.845], [111.78, 40.90666667], [111.81833333, 40.91666667], [111.91166667, 40.89], [112.01333333, 40.92666667]]]}, "properties": {"source": "CAAC XLS", "airport_name": "呼和浩特/白塔", "icao": "ZBHH", "runway": "08/26", "airport_elevation_m": 1083.9}}, {"type": "Feature", "geometry": {"type": "Polygon", "coordinates": [[[120.06, 49.25333333], [120.07333333, 49.18833333], [119.94, 49.195], [119.85833333, 49.145], [119.81666667, 49.14], [119.71833333, 49.17666667], [119.595, 49.155], [119.585, 49.22], [119.715, 49.21666667], [119.79666667, 49.26666667], [119.835, 49.27166667], [119.93333333, 49.235], [120.06, 49.25333333]]]}, "properties": {"source": "CAAC XLS", "airport_name": "呼伦贝尔/海拉尔", "icao": "ZBLA", "runway": "09/27", "airport_elevation_m": 659.5}}, {"type": "Feature", "geometry": {"type": "Polygon", "coordinates": [[[111.71333333, 35.98333333], [111.63333333, 35.975], [111.63333333, 36.05833333], [111.56833333, 36.11], [111.56, 36.13333333], [111.6, 36.2], [111.56833333, 36.285], [111.64833333, 36.29333333], [111.65166667, 36.21], [111.71833333, 36.155], [111.72, 36.135], [111.68, 36.06833333], [111.71333333, 35.98333333]]]}, "properties": {"source": "CAAC XLS", "airport_name": "临汾/尧都", "icao": "ZBLF", "runway": "17/35", "airport_elevation_m": 497.7}}, {"type": "Feature", "geometry": {"type": "Polygon", "coordinates": [[[117.575, 49.55], [117.54666667, 49.49], [117.42833333, 49.525], [117.32, 49.50333333], [117.28333333, 49.50833333], [117.21166667, 49.56833333], [117.085, 49.58333333], [117.11166667, 49.64333333], [117.23, 49.60666667], [117.34166667, 49.63], [117.37833333, 49.625], [117.44666667, 49.56333333], [117.575, 49.55]]]}, "properties": {"source": "CAAC XLS", "airport_name": "满洲里/西郊", "icao": "ZBMZ", "runway": "12/30", "airport_elevation_m": 679.5}}, {"type": "Feature", "geometry": {"type": "Polygon", "coordinates": [[[110.185, 40.485], [110.13333333, 40.43333333], [110.055, 40.49666667], [109.96, 40.5], [109.935, 40.51666667], [109.905, 40.58833333], [109.81, 40.63333333], [109.86166667, 40.685], [109.93833333, 40.62166667], [110.035, 40.61833333], [110.06166667, 40.6], [110.09, 40.52833333], [110.185, 40.485]]]}, "properties": {"source": "CAAC XLS", "airport_name": "包头/东河", "icao": "ZBOW", "runway": "13/31", "airport_elevation_m": 1012.2}}, {"type": "Feature", "geometry": {"type": "Polygon", "coordinates": [[[112.84166667, 39.38], [112.88666667, 39.32666667], [112.785, 39.29166667], [112.745, 39.22333333], [112.715, 39.21166667], [112.62166667, 39.215], [112.53666667, 39.16333333], [112.49333333, 39.21666667], [112.595, 39.25], [112.63333333, 39.31833333], [112.66, 39.335], [112.75833333, 39.32833333], [112.84166667, 39.38]]]}, "properties": {"source": "CAAC XLS", "airport_name": "朔州/滋润", "icao": "ZBSG", "runway": "06/24", "airport_elevation_m": 1045.1}}, {"type": "Feature", "geometry": {"type": "Polygon", "coordinates": [[[114.84, 38.16166667], [114.77, 38.12666667], [114.725, 38.205], [114.64, 38.235], [114.61666667, 38.25833333], [114.625, 38.335], [114.55333333, 38.4], [114.62333333, 38.435], [114.66833333, 38.35666667], [114.75333333, 38.32666667], [114.77666667, 38.30333333], [114.76833333, 38.22666667], [114.84, 38.16166667]]]}, "properties": {"source": "CAAC XLS", "airport_name": "石家庄/正定", "icao": "ZBSJ", "runway": "15/33", "airport_elevation_m": 71.0}}, {"type": "Feature", "geometry": {"type": "Polygon", "coordinates": [[[118.20833333, 39.74166667], [118.205, 39.67333333], [118.09333333, 39.69166667], [118.015, 39.65166667], [117.98333333, 39.65666667], [117.90666667, 39.70333333], [117.79833333, 39.69333333], [117.80333333, 39.76166667], [117.91166667, 39.74166667], [117.99166667, 39.78333333], [118.025, 39.78166667], [118.09666667, 39.735], [118.20833333, 39.74166667]]]}, "properties": {"source": "CAAC XLS", "airport_name": "唐山/三女河", "icao": "ZBSN", "runway": "10/28", "airport_elevation_m": 14.9}}, {"type": "Feature", "geometry": {"type": "Polygon", "coordinates": [[[117.495, 39.0], [117.42166667, 38.96833333], [117.39, 39.05333333], [117.30333333, 39.08666667], [117.28833333, 39.11833333], [117.305, 39.19166667], [117.24333333, 39.26], [117.31666667, 39.28833333], [117.35166667, 39.20666667], [117.43333333, 39.17333333], [117.45333333, 39.14166667], [117.43333333, 39.06833333], [117.495, 39.0]]]}, "properties": {"source": "CAAC XLS", "airport_name": "天津/滨海", "icao": "ZBTJ", "runway": "16L/34R", "airport_elevation_m": 3.7}}, {"type": "Feature", "geometry": {"type": "Polygon", "coordinates": [[[117.47333333, 38.99333333], [117.395, 38.96833333], [117.36333333, 39.04666667], [117.28166667, 39.085], [117.26333333, 39.11166667], [117.27833333, 39.18833333], [117.21666667, 39.25666667], [117.295, 39.285], [117.325, 39.205], [117.40833333, 39.16666667], [117.42666667, 39.14], [117.41166667, 39.06833333], [117.47333333, 38.99333333]]]}, "properties": {"source": "CAAC XLS", "airport_name": "天津/滨海", "icao": "ZBTJ", "runway": "16R/34L", "airport_elevation_m": 3.7}}, {"type": "Feature", "geometry": {"type": "Polygon", "coordinates": [[[113.30833333, 41.18333333], [113.32, 41.11833333], [113.20666667, 41.12166667], [113.135, 41.07], [113.10333333, 41.06666667], [113.01333333, 41.10166667], [112.90166667, 41.07666667], [112.89, 41.13833333], [113.00333333, 41.13833333], [113.07666667, 41.19], [113.11166667, 41.19333333], [113.20166667, 41.16166667], [113.30833333, 41.18333333]]]}, "properties": {"source": "CAAC XLS", "airport_name": "乌兰察布/集宁", "icao": "ZBUC", "runway": "09/27", "airport_elevation_m": 1412.7}}, {"type": "Feature", "geometry": {"type": "Polygon", "coordinates": [[[106.79, 39.95166667], [106.87, 39.945], [106.83666667, 39.86], [106.885, 39.79666667], [106.87666667, 39.77333333], [106.81166667, 39.72], [106.81, 39.635], [106.72833333, 39.64333333], [106.76166667, 39.72333333], [106.71666667, 39.79], [106.71833333, 39.815], [106.78666667, 39.86666667], [106.79, 39.95166667]]]}, "properties": {"source": "CAAC XLS", "airport_name": "乌海", "icao": "ZBUH", "runway": "01/19", "airport_elevation_m": 1111.3}}, {"type": "Feature", "geometry": {"type": "Polygon", "coordinates": [[[122.20833333, 46.13833333], [122.15333333, 46.085], [122.06833333, 46.145], [121.95833333, 46.14166667], [121.93333333, 46.155], [121.89666667, 46.22833333], [121.78833333, 46.26833333], [121.84333333, 46.31833333], [121.93, 46.25833333], [122.04, 46.26166667], [122.06833333, 46.245], [122.10166667, 46.175], [122.20833333, 46.13833333]]]}, "properties": {"source": "CAAC XLS", "airport_name": "乌兰浩特/依勒力特", "icao": "ZBUL", "runway": "14/32", "airport_elevation_m": 306.1}}, {"type": "Feature", "geometry": {"type": "Polygon", "coordinates": [[[116.02666667, 44.06833333], [116.10333333, 44.035], [116.03333333, 43.96666667], [116.045, 43.89166667], [116.02833333, 43.87166667], [115.93333333, 43.83666667], [115.89666667, 43.75666667], [115.81833333, 43.78666667], [115.88833333, 43.855], [115.87333333, 43.93166667], [115.89, 43.955], [115.985, 43.985], [116.02666667, 44.06833333]]]}, "properties": {"source": "CAAC XLS", "airport_name": "锡林浩特", "icao": "ZBXH", "runway": "22/04", "airport_elevation_m": 1017.2}}, {"type": "Feature", "geometry": {"type": "Polygon", "coordinates": [[[114.44833333, 36.725], [114.52833333, 36.745], [114.48166667, 36.82166667], [114.51166667, 36.88666667], [114.50166667, 36.915], [114.42666667, 36.95666667], [114.40666667, 37.04166667], [114.33, 37.02166667], [114.37666667, 36.94666667], [114.34833333, 36.87333333], [114.35666667, 36.85166667], [114.43166667, 36.80666667], [114.44833333, 36.725]]]}, "properties": {"source": "CAAC XLS", "airport_name": "邢台/褡裢", "icao": "ZBXT", "runway": "17/35", "airport_elevation_m": 84.2}}, {"type": "Feature", "geometry": {"type": "Polygon", "coordinates": [[[113.14333333, 38.67666667], [113.17166667, 38.61666667], [113.065, 38.60166667], [113.01, 38.54], [112.98166667, 38.535], [112.88833333, 38.55666667], [112.79333333, 38.51833333], [112.76833333, 38.57666667], [112.87166667, 38.59], [112.92666667, 38.655], [112.955, 38.66], [113.04666667, 38.64], [113.14333333, 38.67666667]]]}, "properties": {"source": "CAAC XLS", "airport_name": "忻州/五台山", "icao": "ZBXZ", "runway": "08/26", "airport_elevation_m": 779.7}}, {"type": "Feature", "geometry": {"type": "Polygon", "coordinates": [[[112.81833333, 37.67333333], [112.76833333, 37.62333333], [112.69333333, 37.685], [112.6, 37.68333333], [112.56333333, 37.70333333], [112.53666667, 37.77666667], [112.44333333, 37.81833333], [112.49333333, 37.87], [112.56666667, 37.80666667], [112.66, 37.805], [112.69333333, 37.785], [112.72333333, 37.71666667], [112.81833333, 37.67333333]]]}, "properties": {"source": "CAAC XLS", "airport_name": "太原/武宿", "icao": "ZBYN", "runway": "13/31", "airport_elevation_m": 786.1}}, {"type": "Feature", "geometry": {"type": "Polygon", "coordinates": [[[107.94666667, 40.90166667], [107.91666667, 40.84], [107.81833333, 40.885], [107.72333333, 40.86166667], [107.69666667, 40.87], [107.64166667, 40.935], [107.52833333, 40.95166667], [107.55833333, 41.01], [107.66, 40.97166667], [107.755, 40.99166667], [107.785, 40.98333333], [107.83666667, 40.92166667], [107.94666667, 40.90166667]]]}, "properties": {"source": "CAAC XLS", "airport_name": "巴彦淖尔/天吉泰", "icao": "ZBYZ", "runway": "11/29", "airport_elevation_m": 1034.4}}, {"type": "Feature", "geometry": {"type": "Polygon", "coordinates": [[[122.77, 47.705], [122.675, 47.72], [122.71666667, 47.80166667], [122.67333333, 47.86833333], [122.67666667, 47.88833333], [122.76, 47.94166667], [122.76333333, 48.025], [122.86166667, 48.015], [122.81666667, 47.935], [122.865, 47.86666667], [122.85666667, 47.84166667], [122.77833333, 47.79333333], [122.77, 47.705]]]}, "properties": {"source": "CAAC XLS", "airport_name": "扎兰屯/成吉思汗", "icao": "ZBZL", "runway": "02/20", "airport_elevation_m": 287.0}}, {"type": "Feature", "geometry": {"type": "Polygon", "coordinates": [[[122.86166667, 41.26833333], [122.94333333, 41.25166667], [122.90166667, 41.17], [122.93833333, 41.1], [122.92833333, 41.08], [122.85333333, 41.03], [122.84166667, 40.94666667], [122.75833333, 40.96], [122.80166667, 41.04166667], [122.76833333, 41.11166667], [122.775, 41.135], [122.85166667, 41.18166667], [122.86166667, 41.26833333]]]}, "properties": {"source": "CAAC XLS", "airport_name": "鞍山/腾鳌", "icao": "ZYAS", "runway": "02/20", "airport_elevation_m": 15.8}}, {"type": "Feature", "geometry": {"type": "Polygon", "coordinates": [[[123.18, 45.61666667], [123.23, 45.56166667], [123.12, 45.52666667], [123.085, 45.45666667], [123.055, 45.445], [122.95166667, 45.45166667], [122.85833333, 45.39166667], [122.81, 45.44833333], [122.92, 45.485], [122.95833333, 45.55166667], [122.985, 45.56333333], [123.08833333, 45.56], [123.18, 45.61666667]]]}, "properties": {"source": "CAAC XLS", "airport_name": "白城/长安", "icao": "ZYBA", "runway": "07/25", "airport_elevation_m": 146.0}}, {"type": "Feature", "geometry": {"type": "Polygon", "coordinates": [[[127.57833333, 42.225], [127.66333333, 42.22166667], [127.63666667, 42.13833333], [127.69, 42.07166667], [127.685, 42.05166667], [127.62166667, 41.99166667], [127.62833333, 41.90666667], [127.54166667, 41.915], [127.56833333, 41.99833333], [127.51833333, 42.06], [127.52, 42.08333333], [127.585, 42.14166667], [127.57833333, 42.225]]]}, "properties": {"source": "CAAC XLS", "airport_name": "白山/长白山", "icao": "ZYBS", "runway": "01/19", "airport_elevation_m": 882.1}}, {"type": "Feature", "geometry": {"type": "Polygon", "coordinates": [[[125.825, 44.12666667], [125.885, 44.07666667], [125.78333333, 44.03166667], [125.75666667, 43.95666667], [125.72666667, 43.94], [125.62333333, 43.93333333], [125.54666667, 43.86833333], [125.48666667, 43.91833333], [125.59, 43.96166667], [125.61166667, 44.03666667], [125.64166667, 44.055], [125.74666667, 44.06166667], [125.825, 44.12666667]]]}, "properties": {"source": "CAAC XLS", "airport_name": "长春/龙嘉", "icao": "ZYCC", "runway": "06/24", "airport_elevation_m": 215.3}}, {"type": "Feature", "geometry": {"type": "Polygon", "coordinates": [[[120.34166667, 41.68333333], [120.42666667, 41.70166667], [120.43833333, 41.61666667], [120.51333333, 41.56833333], [120.51833333, 41.54333333], [120.48, 41.47333333], [120.525, 41.395], [120.44333333, 41.38166667], [120.42833333, 41.46833333], [120.35666667, 41.515], [120.34666667, 41.535], [120.385, 41.60666667], [120.34166667, 41.68333333]]]}, "properties": {"source": "CAAC XLS", "airport_name": "朝阳", "icao": "ZYCY", "runway": "18/36", "airport_elevation_m": 173.2}}, {"type": "Feature", "geometry": {"type": "Polygon", "coordinates": [[[124.33, 40.18], [124.25, 40.185], [124.26333333, 40.09666667], [124.205, 40.03666667], [124.20166667, 40.01333333], [124.26, 39.95166667], [124.24, 39.87], [124.325, 39.86666667], [124.30833333, 39.95166667], [124.37, 40.01166667], [124.36833333, 40.035], [124.31166667, 40.09833333], [124.33, 40.18]]]}, "properties": {"source": "CAAC XLS", "airport_name": "丹东/浪头", "icao": "ZYDD", "runway": "01/19", "airport_elevation_m": 8.9}}, {"type": "Feature", "geometry": {"type": "Polygon", "coordinates": [[[125.26833333, 46.61666667], [125.18, 46.595], [125.15166667, 46.675], [125.05666667, 46.71833333], [125.04333333, 46.73666667], [125.06833333, 46.80833333], [125.005, 46.885], [125.09333333, 46.91], [125.12333333, 46.82666667], [125.21833333, 46.785], [125.23, 46.76333333], [125.205, 46.69333333], [125.26833333, 46.61666667]]]}, "properties": {"source": "CAAC XLS", "airport_name": "大庆/萨尔图", "icao": "ZYDQ", "runway": "17/35", "airport_elevation_m": 153.0}}, {"type": "Feature", "geometry": {"type": "Polygon", "coordinates": [[[134.515, 48.32], [134.575, 48.27166667], [134.46833333, 48.22666667], [134.43833333, 48.15333333], [134.41, 48.14166667], [134.3, 48.135], [134.215, 48.07166667], [134.15, 48.125], [134.26166667, 48.16833333], [134.28833333, 48.23833333], [134.31666667, 48.25333333], [134.43, 48.26], [134.515, 48.32]]]}, "properties": {"source": "CAAC XLS", "airport_name": "抚远/东极", "icao": "ZYFY", "runway": "06/24", "airport_elevation_m": 60.8}}, {"type": "Feature", "geometry": {"type": "Polygon", "coordinates": [[[126.36, 45.76666667], [126.43, 45.725], [126.34166667, 45.66666667], [126.335, 45.59333333], [126.30833333, 45.57333333], [126.20333333, 45.55166667], [126.14333333, 45.47833333], [126.06833333, 45.52], [126.16166667, 45.57666667], [126.16833333, 45.65166667], [126.195, 45.67666667], [126.295, 45.695], [126.36, 45.76666667]]]}, "properties": {"source": "CAAC XLS", "airport_name": "哈尔滨/太平", "icao": "ZYHB", "runway": "05/23", "airport_elevation_m": 139.3}}, {"type": "Feature", "geometry": {"type": "Polygon", "coordinates": [[[127.45, 50.04], [127.35666667, 50.01666667], [127.32333333, 50.09666667], [127.22666667, 50.13833333], [127.21, 50.15833333], [127.235, 50.22833333], [127.16833333, 50.30166667], [127.26166667, 50.33], [127.295, 50.24666667], [127.39166667, 50.20833333], [127.40833333, 50.18833333], [127.38, 50.11333333], [127.45, 50.04]]]}, "properties": {"source": "CAAC XLS", "airport_name": "黑河/瑷珲", "icao": "ZYHE", "runway": "17/35", "airport_elevation_m": 320.5}}, {"type": "Feature", "geometry": {"type": "Polygon", "coordinates": [[[124.205, 50.22333333], [124.10166667, 50.21166667], [124.10166667, 50.3], [124.02, 50.35], [124.01833333, 50.37333333], [124.07166667, 50.43666667], [124.03, 50.52166667], [124.135, 50.52833333], [124.13333333, 50.445], [124.215, 50.39], [124.22, 50.37166667], [124.16333333, 50.30333333], [124.205, 50.22333333]]]}, "properties": {"source": "CAAC XLS", "airport_name": "大兴安岭/鄂伦春", "icao": "ZYJD", "runway": "18/36", "airport_elevation_m": 370.5}}, {"type": "Feature", "geometry": {"type": "Polygon", "coordinates": [[[130.60166667, 46.97166667], [130.66833333, 46.92333333], [130.56166667, 46.87833333], [130.53833333, 46.80333333], [130.51666667, 46.78833333], [130.40833333, 46.78], [130.32666667, 46.71666667], [130.26333333, 46.765], [130.36666667, 46.81], [130.39, 46.885], [130.41666667, 46.9], [130.525, 46.90833333], [130.60166667, 46.97166667]]]}, "properties": {"source": "CAAC XLS", "airport_name": "佳木斯", "icao": "ZYJM", "runway": "06/24", "airport_elevation_m": 79.9}}, {"type": "Feature", "geometry": {"type": "Polygon", "coordinates": [[[131.41833333, 45.27166667], [131.385, 45.21], [131.27666667, 45.25166667], [131.175, 45.22833333], [131.14666667, 45.23833333], [131.08833333, 45.3], [130.96833333, 45.31666667], [131.00333333, 45.37833333], [131.11, 45.335], [131.21166667, 45.355], [131.23666667, 45.35166667], [131.29833333, 45.28666667], [131.41833333, 45.27166667]]]}, "properties": {"source": "CAAC XLS", "airport_name": "鸡西/兴凯湖", "icao": "ZYJX", "runway": "12/30", "airport_elevation_m": 226.9}}, {"type": "Feature", "geometry": {"type": "Polygon", "coordinates": [[[121.345, 41.08833333], [121.42, 41.05166667], [121.35, 40.98833333], [121.35833333, 40.91166667], [121.33833333, 40.89], [121.25166667, 40.86333333], [121.205, 40.785], [121.13333333, 40.81833333], [121.205, 40.885], [121.19666667, 40.95833333], [121.21166667, 40.98], [121.30166667, 41.00666667], [121.345, 41.08833333]]]}, "properties": {"source": "CAAC XLS", "airport_name": "锦州/锦州湾", "icao": "ZYJZ", "runway": "04/22", "airport_elevation_m": 6.5}}, {"type": "Feature", "geometry": {"type": "Polygon", "coordinates": [[[129.25333333, 47.74166667], [129.23, 47.67833333], [129.11166667, 47.71333333], [129.01166667, 47.68666667], [128.97833333, 47.695], [128.91166667, 47.75], [128.785, 47.76166667], [128.81, 47.825], [128.92666667, 47.78833333], [129.02666667, 47.81833333], [129.05833333, 47.81166667], [129.12666667, 47.75166667], [129.25333333, 47.74166667]]]}, "properties": {"source": "CAAC XLS", "airport_name": "伊春/林都", "icao": "ZYLD", "runway": "12/30", "airport_elevation_m": 256.7}}, {"type": "Feature", "geometry": {"type": "Polygon", "coordinates": [[[129.625, 44.68166667], [129.70833333, 44.65], [129.64, 44.58166667], [129.655, 44.50833333], [129.64333333, 44.485], [129.55166667, 44.45], [129.51333333, 44.36833333], [129.43333333, 44.39666667], [129.50166667, 44.47], [129.48333333, 44.54333333], [129.495, 44.56166667], [129.58666667, 44.6], [129.625, 44.68166667]]]}, "properties": {"source": "CAAC XLS", "airport_name": "牡丹江/海浪", "icao": "ZYMD", "runway": "04/22", "airport_elevation_m": 269.6}}, {"type": "Feature", "geometry": {"type": "Polygon", "coordinates": [[[122.64, 52.82833333], [122.56333333, 52.785], [122.48, 52.85333333], [122.35833333, 52.86333333], [122.33666667, 52.88], [122.31833333, 52.95333333], [122.20333333, 53.00166667], [122.28, 53.05166667], [122.36166667, 52.98166667], [122.48333333, 52.96666667], [122.51, 52.955], [122.52666667, 52.88166667], [122.64, 52.82833333]]]}, "properties": {"source": "CAAC XLS", "airport_name": "漠河/古莲", "icao": "ZYMH", "runway": "15/33", "airport_elevation_m": 565.1}}, {"type": "Feature", "geometry": {"type": "Polygon", "coordinates": [[[124.04666667, 47.105], [123.95666667, 47.085], [123.92833333, 47.16666667], [123.83666667, 47.20666667], [123.82666667, 47.22833333], [123.85, 47.30166667], [123.78666667, 47.375], [123.87666667, 47.39666667], [123.905, 47.31333333], [124.0, 47.275], [124.01, 47.25333333], [123.98333333, 47.17833333], [124.04666667, 47.105]]]}, "properties": {"source": "CAAC XLS", "airport_name": "齐齐哈尔/三家子", "icao": "ZYQQ", "runway": "17/35", "airport_elevation_m": 145.3}}, {"type": "Feature", "geometry": {"type": "Polygon", "coordinates": [[[121.74833333, 38.985], [121.74, 38.91833333], [121.63333333, 38.94], [121.55166667, 38.9], [121.51, 38.905], [121.44166667, 38.95166667], [121.33166667, 38.95], [121.33666667, 39.015], [121.44666667, 38.99166667], [121.52833333, 39.03166667], [121.56833333, 39.02666667], [121.63833333, 38.97666667], [121.74833333, 38.985]]]}, "properties": {"source": "CAAC XLS", "airport_name": "大连/周水子", "icao": "ZYTL", "runway": "10/28", "airport_elevation_m": 32.6}}, {"type": "Feature", "geometry": {"type": "Polygon", "coordinates": [[[125.82333333, 42.19333333], [125.89333333, 42.15333333], [125.81333333, 42.09333333], [125.80833333, 42.01666667], [125.79166667, 42.0], [125.69666667, 41.97833333], [125.64166667, 41.905], [125.57166667, 41.94166667], [125.65333333, 42.005], [125.65833333, 42.07666667], [125.675, 42.095], [125.76833333, 42.11833333], [125.82333333, 42.19333333]]]}, "properties": {"source": "CAAC XLS", "airport_name": "通化/三源浦", "icao": "ZYTN", "runway": "05/23", "airport_elevation_m": 413.7}}, {"type": "Feature", "geometry": {"type": "Polygon", "coordinates": [[[123.61333333, 41.76833333], [123.67333333, 41.72], [123.575, 41.67333333], [123.555, 41.6], [123.52, 41.58166667], [123.42166667, 41.57166667], [123.35166667, 41.50833333], [123.29333333, 41.555], [123.38666667, 41.60166667], [123.40833333, 41.675], [123.44333333, 41.69833333], [123.54166667, 41.70333333], [123.61333333, 41.76833333]]]}, "properties": {"source": "CAAC XLS", "airport_name": "沈阳/桃仙", "icao": "ZYTX", "runway": "06/24", "airport_elevation_m": 60.5}}, {"type": "Feature", "geometry": {"type": "Polygon", "coordinates": [[[129.655, 42.93666667], [129.67, 42.87166667], [129.55333333, 42.875], [129.47833333, 42.82333333], [129.44666667, 42.81666667], [129.36, 42.85166667], [129.245, 42.82666667], [129.235, 42.89166667], [129.35166667, 42.89333333], [129.42166667, 42.94333333], [129.45333333, 42.94666667], [129.54333333, 42.91166667], [129.655, 42.93666667]]]}, "properties": {"source": "CAAC XLS", "airport_name": "延吉/朝阳川", "icao": "ZYYJ", "runway": "09/27", "airport_elevation_m": 190.1}}, {"type": "Feature", "geometry": {"type": "Polygon", "coordinates": [[[122.42166667, 40.69666667], [122.495, 40.665], [122.42833333, 40.59666667], [122.44, 40.52], [122.42333333, 40.5], [122.335, 40.47166667], [122.29833333, 40.38833333], [122.22333333, 40.42], [122.29166667, 40.48833333], [122.28, 40.565], [122.29166667, 40.585], [122.38, 40.61333333], [122.42166667, 40.69666667]]]}, "properties": {"source": "CAAC XLS", "airport_name": "营口/兰旗", "icao": "ZYYK", "runway": "04/22", "airport_elevation_m": 5.9}}, {"type": "Feature", "geometry": {"type": "Polygon", "coordinates": [[[118.24333333, 24.66833333], [118.29, 24.61833333], [118.205, 24.57666667], [118.185, 24.505], [118.15666667, 24.48333333], [118.075, 24.48333333], [118.01, 24.41833333], [117.96833333, 24.47], [118.05, 24.51166667], [118.07, 24.58333333], [118.09666667, 24.605], [118.17833333, 24.60833333], [118.24333333, 24.66833333]]]}, "properties": {"source": "CAAC XLS", "airport_name": "厦门/高崎", "icao": "ZSAM", "runway": "05/23", "airport_elevation_m": 18.0}}, {"type": "Feature", "geometry": {"type": "Polygon", "coordinates": [[[117.19166667, 30.69], [117.22666667, 30.63333333], [117.13333333, 30.6], [117.1, 30.535], [117.07166667, 30.52], [116.98666667, 30.52833333], [116.90833333, 30.47833333], [116.87333333, 30.53333333], [116.96666667, 30.56666667], [117.0, 30.635], [117.025, 30.64333333], [117.11, 30.635], [117.19166667, 30.69]]]}, "properties": {"source": "CAAC XLS", "airport_name": "安庆", "icao": "ZSAQ", "runway": "06/24", "airport_elevation_m": 17.8}}, {"type": "Feature", "geometry": {"type": "Polygon", "coordinates": [[[119.96666667, 31.895], [119.94, 31.83333333], [119.85166667, 31.87666667], [119.76833333, 31.85666667], [119.735, 31.86833333], [119.685, 31.92666667], [119.58333333, 31.94333333], [119.61, 32.005], [119.70166667, 31.96666667], [119.785, 31.98666667], [119.81666667, 31.97666667], [119.86833333, 31.915], [119.96666667, 31.895]]]}, "properties": {"source": "CAAC XLS", "airport_name": "常州/奔牛", "icao": "ZSCG", "runway": "11/29", "airport_elevation_m": 7.3}}, {"type": "Feature", "geometry": {"type": "Polygon", "coordinates": [[[115.94166667, 29.02666667], [116.01, 29.00166667], [115.95666667, 28.92666667], [115.975, 28.855], [115.96166667, 28.82666667], [115.88833333, 28.78833333], [115.86666667, 28.705], [115.79833333, 28.72833333], [115.84666667, 28.80166667], [115.82833333, 28.875], [115.84166667, 28.905], [115.91666667, 28.94166667], [115.94166667, 29.02666667]]]}, "properties": {"source": "CAAC XLS", "airport_name": "南昌/昌北", "icao": "ZSCN", "runway": "03/21", "airport_elevation_m": 43.7}}, {"type": "Feature", "geometry": {"type": "Polygon", "coordinates": [[[118.84166667, 37.345], [118.75666667, 37.34166667], [118.77, 37.43], [118.71166667, 37.48833333], [118.71, 37.51666667], [118.75833333, 37.57666667], [118.74, 37.66333333], [118.82, 37.66666667], [118.81166667, 37.58166667], [118.86666667, 37.52], [118.87166667, 37.49166667], [118.81833333, 37.43166667], [118.84166667, 37.345]]]}, "properties": {"source": "CAAC XLS", "airport_name": "东营", "icao": "ZSDY", "runway": "18/36", "airport_elevation_m": 5.5}}, {"type": "Feature", "geometry": {"type": "Polygon", "coordinates": [[[119.71333333, 26.095], [119.77833333, 26.06333333], [119.72333333, 25.99333333], [119.73333333, 25.92166667], [119.71666667, 25.89], [119.64333333, 25.85833333], [119.61333333, 25.775], [119.55166667, 25.80666667], [119.60666667, 25.87666667], [119.59166667, 25.95166667], [119.61, 25.97666667], [119.68333333, 26.01166667], [119.71333333, 26.095]]]}, "properties": {"source": "CAAC XLS", "airport_name": "福州/长乐", "icao": "ZSFZ", "runway": "03/21", "airport_elevation_m": 14.3}}, {"type": "Feature", "geometry": {"type": "Polygon", "coordinates": [[[114.90166667, 26.91333333], [114.91333333, 26.85166667], [114.82, 26.85166667], [114.75833333, 26.795], [114.73333333, 26.79166667], [114.65833333, 26.825], [114.57, 26.80166667], [114.55833333, 26.86333333], [114.65166667, 26.86666667], [114.71, 26.91666667], [114.73833333, 26.92333333], [114.81, 26.89], [114.90166667, 26.91333333]]]}, "properties": {"source": "CAAC XLS", "airport_name": "井冈山", "icao": "ZSGS", "runway": "08/26", "airport_elevation_m": 85.8}}, {"type": "Feature", "geometry": {"type": "Polygon", "coordinates": [[[114.91833333, 25.955], [114.95166667, 25.89666667], [114.85833333, 25.86666667], [114.82333333, 25.80333333], [114.8, 25.79], [114.71666667, 25.80166667], [114.64166667, 25.75166667], [114.60833333, 25.81], [114.69833333, 25.84], [114.73333333, 25.90666667], [114.75666667, 25.91666667], [114.83833333, 25.90333333], [114.91833333, 25.955]]]}, "properties": {"source": "CAAC XLS", "airport_name": "赣州/黄金", "icao": "ZSGZ", "runway": "07/25", "airport_elevation_m": 134.5}}, {"type": "Feature", "geometry": {"type": "Polygon", "coordinates": [[[120.585, 30.33333333], [120.61666667, 30.275], [120.525, 30.245], [120.48333333, 30.17833333], [120.45, 30.16666667], [120.36833333, 30.17833333], [120.285, 30.12833333], [120.25, 30.18666667], [120.34666667, 30.21166667], [120.38333333, 30.28], [120.41666667, 30.295], [120.50166667, 30.28333333], [120.585, 30.33333333]]]}, "properties": {"source": "CAAC XLS", "airport_name": "杭州/萧山", "icao": "ZSHC", "runway": "07/25", "airport_elevation_m": 6.7}}, {"type": "Feature", "geometry": {"type": "Polygon", "coordinates": [[[120.575, 30.35], [120.60666667, 30.28833333], [120.51333333, 30.26166667], [120.47666667, 30.195], [120.44333333, 30.18], [120.35833333, 30.19166667], [120.275, 30.14166667], [120.24333333, 30.2], [120.33666667, 30.23], [120.37666667, 30.29666667], [120.41, 30.30833333], [120.49166667, 30.3], [120.575, 30.35]]]}, "properties": {"source": "CAAC XLS", "airport_name": "杭州/萧山", "icao": "ZSHC", "runway": "06/24", "airport_elevation_m": 6.7}}, {"type": "Feature", "geometry": {"type": "Polygon", "coordinates": [[[117.265, 29.48], [117.32, 29.44], [117.24666667, 29.385], [117.24, 29.30666667], [117.22166667, 29.28833333], [117.14166667, 29.27], [117.08833333, 29.19666667], [117.035, 29.24166667], [117.10666667, 29.29833333], [117.11, 29.37], [117.12833333, 29.39166667], [117.21166667, 29.41], [117.265, 29.48]]]}, "properties": {"source": "CAAC XLS", "airport_name": "景德镇/罗家", "icao": "ZSJD", "runway": "04/22", "airport_elevation_m": 42.1}}, {"type": "Feature", "geometry": {"type": "Polygon", "coordinates": [[[116.93, 35.70666667], [116.94666667, 35.645], [116.84166667, 35.64], [116.77833333, 35.58666667], [116.74333333, 35.58166667], [116.65833333, 35.61333333], [116.56166667, 35.58833333], [116.545, 35.65333333], [116.65, 35.65333333], [116.71333333, 35.70666667], [116.74833333, 35.71166667], [116.83333333, 35.68166667], [116.93, 35.70666667]]]}, "properties": {"source": "CAAC XLS", "airport_name": "济宁/大安", "icao": "ZSJG", "runway": "09/27", "airport_elevation_m": 52.0}}, {"type": "Feature", "geometry": {"type": "Polygon", "coordinates": [[[117.85333333, 30.67333333], [117.81, 30.62333333], [117.74, 30.68333333], [117.655, 30.68333333], [117.63166667, 30.69833333], [117.60333333, 30.77], [117.51833333, 30.80833333], [117.55833333, 30.85833333], [117.63, 30.80166667], [117.71666667, 30.80166667], [117.74, 30.78333333], [117.76666667, 30.71166667], [117.85333333, 30.67333333]]]}, "properties": {"source": "CAAC XLS", "airport_name": "池州/九华山", "icao": "ZSJH", "runway": "13/31", "airport_elevation_m": 20.2}}, {"type": "Feature", "geometry": {"type": "Polygon", "coordinates": [[[117.255, 36.695], [117.17666667, 36.695], [117.19, 36.78166667], [117.13833333, 36.84], [117.13833333, 36.875], [117.19, 36.935], [117.17666667, 37.02], [117.25833333, 37.02], [117.24, 36.935], [117.29666667, 36.875], [117.29666667, 36.84], [117.24, 36.78166667], [117.255, 36.695]]]}, "properties": {"source": "CAAC XLS", "airport_name": "济南/遥墙", "icao": "ZSJN", "runway": "01/19", "airport_elevation_m": 23.1}}, {"type": "Feature", "geometry": {"type": "Polygon", "coordinates": [[[119.02166667, 29.08333333], [119.06833333, 29.03], [118.97833333, 28.99333333], [118.95166667, 28.92], [118.93166667, 28.90666667], [118.845, 28.90666667], [118.775, 28.85], [118.73333333, 28.9], [118.81833333, 28.94], [118.845, 29.01333333], [118.86666667, 29.02666667], [118.95166667, 29.02666667], [119.02166667, 29.08333333]]]}, "properties": {"source": "CAAC XLS", "airport_name": "衢州", "icao": "ZSJU", "runway": "06/24", "airport_elevation_m": 64.1}}, {"type": "Feature", "geometry": {"type": "Polygon", "coordinates": [[[119.22666667, 34.56666667], [119.3, 34.54], [119.24, 34.46666667], [119.255, 34.39333333], [119.23833333, 34.37333333], [119.16166667, 34.33833333], [119.12666667, 34.25666667], [119.05833333, 34.28333333], [119.11833333, 34.35666667], [119.10333333, 34.43], [119.11666667, 34.45], [119.19666667, 34.485], [119.22666667, 34.56666667]]]}, "properties": {"source": "CAAC XLS", "airport_name": "连云港/花果山", "icao": "ZSLG", "runway": "03/21", "airport_elevation_m": 5.6}}, {"type": "Feature", "geometry": {"type": "Polygon", "coordinates": [[[121.47, 28.71666667], [121.54, 28.69166667], [121.48333333, 28.62], [121.50166667, 28.54666667], [121.49, 28.52666667], [121.41333333, 28.49], [121.38833333, 28.40833333], [121.31833333, 28.43333333], [121.375, 28.505], [121.35666667, 28.57833333], [121.37, 28.60166667], [121.44166667, 28.635], [121.47, 28.71666667]]]}, "properties": {"source": "CAAC XLS", "airport_name": "台州/路桥", "icao": "ZSLQ", "runway": "03/21", "airport_elevation_m": 4.2}}, {"type": "Feature", "geometry": {"type": "Polygon", "coordinates": [[[118.45, 34.89166667], [118.37333333, 34.89166667], [118.38666667, 34.97666667], [118.33333333, 35.04], [118.33333333, 35.06833333], [118.38666667, 35.12666667], [118.37333333, 35.21166667], [118.45333333, 35.21166667], [118.435, 35.12666667], [118.48833333, 35.06833333], [118.48833333, 35.04], [118.435, 34.97666667], [118.45, 34.89166667]]]}, "properties": {"source": "CAAC XLS", "airport_name": "临沂/启阳", "icao": "ZSLY", "runway": "01/19", "airport_elevation_m": 66.3}}, {"type": "Feature", "geometry": {"type": "Polygon", "coordinates": [[[121.635, 29.76833333], [121.59333333, 29.71], [121.52, 29.77], [121.435, 29.76666667], [121.40666667, 29.78], [121.37666667, 29.85], [121.28666667, 29.88833333], [121.32833333, 29.94333333], [121.40166667, 29.88333333], [121.48666667, 29.88666667], [121.51833333, 29.87333333], [121.545, 29.80166667], [121.635, 29.76833333]]]}, "properties": {"source": "CAAC XLS", "airport_name": "宁波/栎社", "icao": "ZSNB", "runway": "13/31", "airport_elevation_m": 3.7}}, {"type": "Feature", "geometry": {"type": "Polygon", "coordinates": [[[119.00666667, 31.83333333], [119.04333333, 31.78], [118.95166667, 31.745], [118.91833333, 31.675], [118.88666667, 31.65833333], [118.80166667, 31.66333333], [118.725, 31.60833333], [118.68333333, 31.66166667], [118.775, 31.69666667], [118.81, 31.76666667], [118.84, 31.78333333], [118.93, 31.77833333], [119.00666667, 31.83333333]]]}, "properties": {"source": "CAAC XLS", "airport_name": "南京/禄口", "icao": "ZSNJ", "runway": "07/25", "airport_elevation_m": 14.9}}, {"type": "Feature", "geometry": {"type": "Polygon", "coordinates": [[[119.00166667, 31.85333333], [119.04333333, 31.8], [118.95166667, 31.76833333], [118.91666667, 31.69833333], [118.88666667, 31.67833333], [118.79666667, 31.68333333], [118.72, 31.62833333], [118.68333333, 31.685], [118.775, 31.71666667], [118.805, 31.78666667], [118.84, 31.80666667], [118.925, 31.80166667], [119.00166667, 31.85333333]]]}, "properties": {"source": "CAAC XLS", "airport_name": "南京/禄口", "icao": "ZSNJ", "runway": "06/24", "airport_elevation_m": 14.9}}, {"type": "Feature", "geometry": {"type": "Polygon", "coordinates": [[[120.935, 32.235], [121.015, 32.235], [121.0, 32.15166667], [121.05333333, 32.09], [121.05666667, 32.06166667], [121.005, 32.0], [121.025, 31.91333333], [120.94833333, 31.91166667], [120.95833333, 31.99666667], [120.905, 32.05833333], [120.90333333, 32.08666667], [120.955, 32.15166667], [120.935, 32.235]]]}, "properties": {"source": "CAAC XLS", "airport_name": "南通/兴东", "icao": "ZSNT", "runway": "18/36", "airport_elevation_m": 4.9}}, {"type": "Feature", "geometry": {"type": "Polygon", "coordinates": [[[117.10333333, 31.86666667], [117.03666667, 31.835], [117.00166667, 31.91166667], [116.92, 31.94166667], [116.90166667, 31.96833333], [116.91, 32.04333333], [116.85, 32.11], [116.91666667, 32.14333333], [116.95166667, 32.06333333], [117.03333333, 32.035], [117.05166667, 32.00833333], [117.04, 31.935], [117.10333333, 31.86666667]]]}, "properties": {"source": "CAAC XLS", "airport_name": "合肥/新桥", "icao": "ZSOF", "runway": "15/33", "airport_elevation_m": 63.5}}, {"type": "Feature", "geometry": {"type": "Polygon", "coordinates": [[[121.72666667, 31.28666667], [121.80166667, 31.31], [121.81833333, 31.225], [121.885, 31.17833333], [121.9, 31.14833333], [121.87166667, 31.075], [121.91833333, 31.00166667], [121.84333333, 30.97833333], [121.82666667, 31.065], [121.75666667, 31.10666667], [121.74666667, 31.14166667], [121.77333333, 31.21333333], [121.72666667, 31.28666667]]]}, "properties": {"source": "CAAC XLS", "airport_name": "上海/浦东", "icao": "ZSPD", "runway": "16L/34R", "airport_elevation_m": 3.8}}, {"type": "Feature", "geometry": {"type": "Polygon", "coordinates": [[[121.69333333, 31.285], [121.76833333, 31.305], [121.785, 31.22], [121.855, 31.17333333], [121.86333333, 31.14666667], [121.84, 31.07333333], [121.885, 30.99666667], [121.81166667, 30.97833333], [121.795, 31.06333333], [121.725, 31.105], [121.71166667, 31.13666667], [121.73833333, 31.205], [121.69333333, 31.285]]]}, "properties": {"source": "CAAC XLS", "airport_name": "上海/浦东", "icao": "ZSPD", "runway": "17R/35L", "airport_elevation_m": 3.8}}, {"type": "Feature", "geometry": {"type": "Polygon", "coordinates": [[[121.69833333, 31.28833333], [121.76833333, 31.30833333], [121.785, 31.22666667], [121.855, 31.18], [121.86833333, 31.145], [121.84166667, 31.07666667], [121.88666667, 31.0], [121.81333333, 30.97666667], [121.8, 31.06166667], [121.72666667, 31.10833333], [121.71666667, 31.14], [121.74333333, 31.21166667], [121.69833333, 31.28833333]]]}, "properties": {"source": "CAAC XLS", "airport_name": "上海/浦东", "icao": "ZSPD", "runway": "17L/35R", "airport_elevation_m": 3.8}}, {"type": "Feature", "geometry": {"type": "Polygon", "coordinates": [[[121.72166667, 31.28833333], [121.795, 31.30666667], [121.81333333, 31.22166667], [121.88333333, 31.18], [121.89333333, 31.145], [121.86666667, 31.07666667], [121.91166667, 30.99666667], [121.84166667, 30.97666667], [121.825, 31.06166667], [121.755, 31.105], [121.74, 31.13833333], [121.76666667, 31.21166667], [121.72166667, 31.28833333]]]}, "properties": {"source": "CAAC XLS", "airport_name": "上海/浦东", "icao": "ZSPD", "runway": "16R/34L", "airport_elevation_m": 3.8}}, {"type": "Feature", "geometry": {"type": "Polygon", "coordinates": [[[120.2, 36.22333333], [120.12, 36.20333333], [120.10333333, 36.28833333], [120.03166667, 36.32666667], [120.01666667, 36.36333333], [120.04833333, 36.43166667], [120.00166667, 36.50833333], [120.07833333, 36.52833333], [120.09333333, 36.44666667], [120.17, 36.40166667], [120.18166667, 36.36833333], [120.15333333, 36.3], [120.2, 36.22333333]]]}, "properties": {"source": "CAAC XLS", "airport_name": "青岛/胶东", "icao": "ZSQD", "runway": "16/34", "airport_elevation_m": 9.2}}, {"type": "Feature", "geometry": {"type": "Polygon", "coordinates": [[[120.17833333, 36.21], [120.09833333, 36.19333333], [120.08166667, 36.275], [120.01, 36.32], [119.99833333, 36.35333333], [120.02666667, 36.42166667], [119.98, 36.49833333], [120.05666667, 36.51833333], [120.07166667, 36.43333333], [120.14833333, 36.39166667], [120.16, 36.35833333], [120.13166667, 36.29], [120.17833333, 36.21]]]}, "properties": {"source": "CAAC XLS", "airport_name": "青岛/胶东", "icao": "ZSQD", "runway": "17/35", "airport_elevation_m": 9.2}}, {"type": "Feature", "geometry": {"type": "Polygon", "coordinates": [[[118.64666667, 24.95166667], [118.70666667, 24.91833333], [118.65, 24.85166667], [118.655, 24.77666667], [118.64166667, 24.75333333], [118.56666667, 24.72333333], [118.535, 24.64333333], [118.47, 24.67666667], [118.53166667, 24.74333333], [118.52333333, 24.82], [118.535, 24.84166667], [118.61166667, 24.86833333], [118.64666667, 24.95166667]]]}, "properties": {"source": "CAAC XLS", "airport_name": "泉州/晋江", "icao": "ZSQZ", "runway": "03/21", "airport_elevation_m": 6.3}}, {"type": "Feature", "geometry": {"type": "Polygon", "coordinates": [[[119.51, 35.34166667], [119.46833333, 35.28666667], [119.38833333, 35.345], [119.3, 35.34166667], [119.27, 35.36], [119.23833333, 35.43], [119.14, 35.46333333], [119.18666667, 35.51833333], [119.265, 35.46333333], [119.35333333, 35.46666667], [119.38333333, 35.45166667], [119.41833333, 35.37833333], [119.51, 35.34166667]]]}, "properties": {"source": "CAAC XLS", "airport_name": "日照/山字河", "icao": "ZSRZ", "runway": "13/31", "airport_elevation_m": 50.0}}, {"type": "Feature", "geometry": {"type": "Polygon", "coordinates": [[[119.20666667, 33.93833333], [119.27, 33.9], [119.19833333, 33.83833333], [119.19833333, 33.76666667], [119.17833333, 33.74333333], [119.09333333, 33.72], [119.04833333, 33.64333333], [118.985, 33.685], [119.05666667, 33.74333333], [119.05666667, 33.81833333], [119.07166667, 33.83833333], [119.15666667, 33.86166667], [119.20666667, 33.93833333]]]}, "properties": {"source": "CAAC XLS", "airport_name": "淮安/涟水", "icao": "ZSSH", "runway": "04/22", "airport_elevation_m": 10.5}}, {"type": "Feature", "geometry": {"type": "Polygon", "coordinates": [[[117.95833333, 26.54166667], [118.00166667, 26.49], [117.91333333, 26.45], [117.885, 26.38], [117.86166667, 26.36833333], [117.77833333, 26.36833333], [117.70833333, 26.31166667], [117.67, 26.36666667], [117.75333333, 26.40333333], [117.785, 26.47166667], [117.805, 26.48833333], [117.88833333, 26.48333333], [117.95833333, 26.54166667]]]}, "properties": {"source": "CAAC XLS", "airport_name": "三明/沙县", "icao": "ZSSM", "runway": "06/24", "airport_elevation_m": 283.0}}, {"type": "Feature", "geometry": {"type": "Polygon", "coordinates": [[[118.1, 28.49], [118.13833333, 28.43333333], [118.05, 28.40166667], [118.01666667, 28.33333333], [117.99166667, 28.32], [117.905, 28.32666667], [117.83, 28.27], [117.79166667, 28.32666667], [117.885, 28.36166667], [117.91833333, 28.43], [117.94333333, 28.44], [118.025, 28.43333333], [118.1, 28.49]]]}, "properties": {"source": "CAAC XLS", "airport_name": "上饶/三清山", "icao": "ZSSR", "runway": "06/24", "airport_elevation_m": 109.9}}, {"type": "Feature", "geometry": {"type": "Polygon", "coordinates": [[[121.28666667, 31.35833333], [121.36333333, 31.35833333], [121.35, 31.27333333], [121.405, 31.21833333], [121.40833333, 31.185], [121.35833333, 31.125], [121.37833333, 31.03833333], [121.30166667, 31.035], [121.31166667, 31.12333333], [121.25833333, 31.18166667], [121.25666667, 31.21166667], [121.30333333, 31.27166667], [121.28666667, 31.35833333]]]}, "properties": {"source": "CAAC XLS", "airport_name": "上海/虹桥", "icao": "ZSSS", "runway": "18R/36L", "airport_elevation_m": 2.8}}, {"type": "Feature", "geometry": {"type": "Polygon", "coordinates": [[[121.28833333, 31.35833333], [121.36833333, 31.35833333], [121.35666667, 31.27333333], [121.40833333, 31.21833333], [121.41, 31.18666667], [121.365, 31.12166667], [121.385, 31.04], [121.30833333, 31.035], [121.31833333, 31.12], [121.26166667, 31.17833333], [121.26, 31.21166667], [121.31, 31.27166667], [121.28833333, 31.35833333]]]}, "properties": {"source": "CAAC XLS", "airport_name": "上海/虹桥", "icao": "ZSSS", "runway": "18L/36R", "airport_elevation_m": 2.8}}, {"type": "Feature", "geometry": {"type": "Polygon", "coordinates": [[[118.42, 29.66333333], [118.37666667, 29.61166667], [118.30666667, 29.67166667], [118.22333333, 29.67666667], [118.20166667, 29.69166667], [118.175, 29.76333333], [118.09, 29.805], [118.13833333, 29.85666667], [118.20333333, 29.795], [118.29166667, 29.79], [118.31333333, 29.775], [118.335, 29.70333333], [118.42, 29.66333333]]]}, "properties": {"source": "CAAC XLS", "airport_name": "黄山/屯溪", "icao": "ZSTX", "runway": "13/31", "airport_elevation_m": 134.2}}, {"type": "Feature", "geometry": {"type": "Polygon", "coordinates": [[[119.21333333, 36.50666667], [119.135, 36.48833333], [119.11833333, 36.57333333], [119.04833333, 36.61666667], [119.04, 36.64166667], [119.06833333, 36.71166667], [119.02666667, 36.79], [119.10166667, 36.80833333], [119.11666667, 36.72333333], [119.19166667, 36.675], [119.2, 36.65166667], [119.16666667, 36.585], [119.21333333, 36.50666667]]]}, "properties": {"source": "CAAC XLS", "airport_name": "潍坊", "icao": "ZSWF", "runway": "17/35", "airport_elevation_m": 47.4}}, {"type": "Feature", "geometry": {"type": "Polygon", "coordinates": [[[120.90333333, 28.06666667], [120.96833333, 28.035], [120.91333333, 27.96666667], [120.92166667, 27.89], [120.90666667, 27.86666667], [120.83333333, 27.835], [120.80166667, 27.75333333], [120.73333333, 27.785], [120.79333333, 27.85333333], [120.78, 27.925], [120.79833333, 27.95], [120.87333333, 27.98333333], [120.90333333, 28.06666667]]]}, "properties": {"source": "CAAC XLS", "airport_name": "温州/龙湾", "icao": "ZSWZ", "runway": "03/21", "airport_elevation_m": 5.1}}, {"type": "Feature", "geometry": {"type": "Polygon", "coordinates": [[[117.745, 34.10333333], [117.75333333, 34.03833333], [117.65166667, 34.04666667], [117.58, 33.99833333], [117.54166667, 33.99333333], [117.46833333, 34.035], [117.36833333, 34.015], [117.36, 34.07833333], [117.46166667, 34.07166667], [117.53, 34.12333333], [117.56833333, 34.12333333], [117.645, 34.08666667], [117.745, 34.10333333]]]}, "properties": {"source": "CAAC XLS", "airport_name": "徐州/观音", "icao": "ZSXZ", "runway": "09/27", "airport_elevation_m": 35.0}}, {"type": "Feature", "geometry": {"type": "Polygon", "coordinates": [[[119.80166667, 32.41833333], [119.725, 32.40333333], [119.71833333, 32.48833333], [119.65166667, 32.54], [119.64333333, 32.56833333], [119.67666667, 32.63666667], [119.63666667, 32.71333333], [119.715, 32.72833333], [119.72333333, 32.64333333], [119.79, 32.59666667], [119.795, 32.56833333], [119.76333333, 32.5], [119.80166667, 32.41833333]]]}, "properties": {"source": "CAAC XLS", "airport_name": "扬州/泰州", "icao": "ZSYA", "runway": "17/35", "airport_elevation_m": 5.0}}, {"type": "Feature", "geometry": {"type": "Polygon", "coordinates": [[[114.425, 27.92], [114.47166667, 27.86666667], [114.38333333, 27.82666667], [114.36, 27.75833333], [114.33666667, 27.74166667], [114.25333333, 27.74333333], [114.185, 27.68], [114.13833333, 27.73333333], [114.22666667, 27.77333333], [114.25, 27.84666667], [114.275, 27.86166667], [114.35666667, 27.86], [114.425, 27.92]]]}, "properties": {"source": "CAAC XLS", "airport_name": "宜春/明月山", "icao": "ZSYC", "runway": "06/24", "airport_elevation_m": 145.3}}, {"type": "Feature", "geometry": {"type": "Polygon", "coordinates": [[[121.08333333, 37.8], [121.14666667, 37.75833333], [121.06, 37.70166667], [121.05, 37.62666667], [121.02333333, 37.605], [120.935, 37.59166667], [120.875, 37.52], [120.81333333, 37.56166667], [120.895, 37.61833333], [120.905, 37.69], [120.93333333, 37.71333333], [121.025, 37.72833333], [121.08333333, 37.8]]]}, "properties": {"source": "CAAC XLS", "airport_name": "烟台/蓬莱", "icao": "ZSYT", "runway": "05/23", "airport_elevation_m": 47.0}}, {"type": "Feature", "geometry": {"type": "Polygon", "coordinates": [[[120.05166667, 29.505], [120.12333333, 29.485], [120.08166667, 29.40833333], [120.10666667, 29.33666667], [120.095, 29.30833333], [120.02833333, 29.26833333], [120.01166667, 29.18], [119.93833333, 29.20333333], [119.985, 29.28], [119.95666667, 29.35166667], [119.96833333, 29.37666667], [120.035, 29.41833333], [120.05166667, 29.505]]]}, "properties": {"source": "CAAC XLS", "airport_name": "义乌", "icao": "ZSYW", "runway": "02/20", "airport_elevation_m": 83.0}}, {"type": "Feature", "geometry": {"type": "Polygon", "coordinates": [[[109.29166667, 21.70166667], [109.36333333, 21.69166667], [109.33166667, 21.60833333], [109.365, 21.54], [109.35666667, 21.51166667], [109.30166667, 21.46333333], [109.29666667, 21.375], [109.225, 21.39], [109.25833333, 21.46833333], [109.225, 21.53666667], [109.22833333, 21.56833333], [109.28666667, 21.61833333], [109.29166667, 21.70166667]]]}, "properties": {"source": "CAAC XLS", "airport_name": "北海/福成", "icao": "ZGBH", "runway": "01/19", "airport_elevation_m": 25.3}}, {"type": "Feature", "geometry": {"type": "Polygon", "coordinates": [[[107.11833333, 23.66], [107.08166667, 23.60333333], [107.01, 23.66166667], [106.93166667, 23.66], [106.90833333, 23.675], [106.88333333, 23.745], [106.79666667, 23.78], [106.83666667, 23.83666667], [106.90833333, 23.77833333], [106.98666667, 23.77833333], [107.01, 23.76833333], [107.035, 23.695], [107.11833333, 23.66]]]}, "properties": {"source": "CAAC XLS", "airport_name": "百色/巴马", "icao": "ZGBS", "runway": "12/30", "airport_elevation_m": 146.2}}, {"type": "Feature", "geometry": {"type": "Polygon", "coordinates": [[[111.645, 29.07833333], [111.71833333, 29.06333333], [111.68, 28.985], [111.715, 28.91833333], [111.70833333, 28.89166667], [111.64166667, 28.84333333], [111.63666667, 28.76], [111.56166667, 28.775], [111.59666667, 28.85], [111.56833333, 28.92333333], [111.57333333, 28.94333333], [111.635, 28.99666667], [111.645, 29.07833333]]]}, "properties": {"source": "CAAC XLS", "airport_name": "常德/桃花源", "icao": "ZGCD", "runway": "02/20", "airport_elevation_m": 45.5}}, {"type": "Feature", "geometry": {"type": "Polygon", "coordinates": [[[109.785, 27.59], [109.84333333, 27.55333333], [109.775, 27.49333333], [109.77333333, 27.41833333], [109.755, 27.4], [109.675, 27.375], [109.63, 27.3], [109.57166667, 27.34166667], [109.64166667, 27.40166667], [109.64333333, 27.47666667], [109.65666667, 27.495], [109.73666667, 27.51833333], [109.785, 27.59]]]}, "properties": {"source": "CAAC XLS", "airport_name": "怀化/芷江", "icao": "ZGCJ", "runway": "04/22", "airport_elevation_m": 267.2}}, {"type": "Feature", "geometry": {"type": "Polygon", "coordinates": [[[112.99666667, 25.83833333], [113.02, 25.77666667], [112.92666667, 25.75833333], [112.88333333, 25.69666667], [112.85666667, 25.68833333], [112.77666667, 25.70833333], [112.69666667, 25.66666667], [112.66833333, 25.73], [112.76166667, 25.74833333], [112.81, 25.80833333], [112.83166667, 25.81666667], [112.91166667, 25.79666667], [112.99666667, 25.83833333]]]}, "properties": {"source": "CAAC XLS", "airport_name": "郴州/北湖", "icao": "ZGCZ", "runway": "44402.0", "airport_elevation_m": 301.4}}, {"type": "Feature", "geometry": {"type": "Polygon", "coordinates": [[[110.60833333, 29.175], [110.62666667, 29.11166667], [110.52833333, 29.10333333], [110.47333333, 29.04333333], [110.44166667, 29.03833333], [110.365, 29.06333333], [110.275, 29.03333333], [110.25333333, 29.09333333], [110.35166667, 29.105], [110.40833333, 29.16166667], [110.44, 29.16666667], [110.51666667, 29.13833333], [110.60833333, 29.175]]]}, "properties": {"source": "CAAC XLS", "airport_name": "张家界/荷花", "icao": "ZGDY", "runway": "08/26", "airport_elevation_m": 217.2}}, {"type": "Feature", "geometry": {"type": "Polygon", "coordinates": [[[113.32, 23.55333333], [113.38833333, 23.535], [113.355, 23.45833333], [113.385, 23.38666667], [113.37333333, 23.355], [113.31166667, 23.305], [113.305, 23.22166667], [113.23333333, 23.235], [113.27, 23.31666667], [113.24166667, 23.38333333], [113.25166667, 23.41666667], [113.31, 23.46833333], [113.32, 23.55333333]]]}, "properties": {"source": "CAAC XLS", "airport_name": "广州/白云", "icao": "ZGGG", "runway": "02R/20L", "airport_elevation_m": 15.2}}, {"type": "Feature", "geometry": {"type": "Polygon", "coordinates": [[[113.29333333, 23.55666667], [113.36666667, 23.54333333], [113.33, 23.46166667], [113.35833333, 23.39166667], [113.35166667, 23.36333333], [113.28666667, 23.31166667], [113.28, 23.22666667], [113.20833333, 23.24333333], [113.245, 23.32166667], [113.21833333, 23.39333333], [113.22333333, 23.425], [113.28833333, 23.47333333], [113.29333333, 23.55666667]]]}, "properties": {"source": "CAAC XLS", "airport_name": "广州/白云", "icao": "ZGGG", "runway": "01/19", "airport_elevation_m": 15.2}}, {"type": "Feature", "geometry": {"type": "Polygon", "coordinates": [[[113.31833333, 23.555], [113.38666667, 23.54166667], [113.35, 23.46], [113.38, 23.39333333], [113.37333333, 23.36166667], [113.31, 23.31333333], [113.30166667, 23.225], [113.235, 23.24333333], [113.26666667, 23.32333333], [113.23666667, 23.39], [113.24833333, 23.42166667], [113.31, 23.47], [113.31833333, 23.555]]]}, "properties": {"source": "CAAC XLS", "airport_name": "广州/白云", "icao": "ZGGG", "runway": "02L/20R", "airport_elevation_m": 15.2}}, {"type": "Feature", "geometry": {"type": "Polygon", "coordinates": [[[113.17166667, 28.35166667], [113.24833333, 28.355], [113.23666667, 28.26666667], [113.29166667, 28.20833333], [113.29333333, 28.18], [113.24833333, 28.11666667], [113.26833333, 28.035], [113.19166667, 28.03166667], [113.20333333, 28.11833333], [113.15, 28.175], [113.14833333, 28.20166667], [113.19333333, 28.26666667], [113.17166667, 28.35166667]]]}, "properties": {"source": "CAAC XLS", "airport_name": "长沙/黄花", "icao": "ZGHA", "runway": "18R/36L", "airport_elevation_m": 66.9}}, {"type": "Feature", "geometry": {"type": "Polygon", "coordinates": [[[113.175, 28.35166667], [113.25166667, 28.355], [113.24, 28.27166667], [113.29333333, 28.21166667], [113.295, 28.18], [113.25, 28.11666667], [113.27166667, 28.03], [113.195, 28.02666667], [113.20666667, 28.115], [113.15166667, 28.17], [113.15166667, 28.20666667], [113.195, 28.26666667], [113.175, 28.35166667]]]}, "properties": {"source": "CAAC XLS", "airport_name": "长沙/黄花", "icao": "ZGHA", "runway": "18L/36R", "airport_elevation_m": 66.9}}, {"type": "Feature", "geometry": {"type": "Polygon", "coordinates": [[[107.85, 24.71333333], [107.8, 24.66666667], [107.745, 24.73833333], [107.66833333, 24.75333333], [107.65, 24.76833333], [107.64333333, 24.845], [107.56833333, 24.89666667], [107.62166667, 24.94333333], [107.67666667, 24.87166667], [107.75666667, 24.85666667], [107.76833333, 24.84166667], [107.78, 24.76833333], [107.85, 24.71333333]]]}, "properties": {"source": "CAAC XLS", "airport_name": "河池/金城江", "icao": "ZGHC", "runway": "14/32", "airport_elevation_m": 677.9}}, {"type": "Feature", "geometry": {"type": "Polygon", "coordinates": [[[112.7, 26.86333333], [112.75666667, 26.82166667], [112.68333333, 26.76666667], [112.68166667, 26.69166667], [112.665, 26.67166667], [112.585, 26.65166667], [112.53333333, 26.58], [112.48, 26.62166667], [112.55, 26.67666667], [112.55166667, 26.75166667], [112.56833333, 26.77], [112.65166667, 26.79166667], [112.7, 26.86333333]]]}, "properties": {"source": "CAAC XLS", "airport_name": "衡阳/南岳", "icao": "ZGHY", "runway": "04/22", "airport_elevation_m": 101.8}}, {"type": "Feature", "geometry": {"type": "Polygon", "coordinates": [[[110.02, 25.38333333], [110.09, 25.375], [110.07, 25.29166667], [110.11, 25.23], [110.10666667, 25.20166667], [110.05333333, 25.145], [110.06166667, 25.05666667], [109.99, 25.065], [110.01166667, 25.14833333], [109.96666667, 25.21], [109.97, 25.23833333], [110.02333333, 25.295], [110.02, 25.38333333]]]}, "properties": {"source": "CAAC XLS", "airport_name": "桂林/两江", "icao": "ZGKL", "runway": "01/19", "airport_elevation_m": 173.6}}, {"type": "Feature", "geometry": {"type": "Polygon", "coordinates": [[[111.555, 26.495], [111.62666667, 26.505], [111.62333333, 26.41666667], [111.67666667, 26.36166667], [111.68333333, 26.335], [111.64166667, 26.26833333], [111.66333333, 26.185], [111.59333333, 26.17833333], [111.595, 26.26666667], [111.54, 26.32166667], [111.53666667, 26.35166667], [111.57666667, 26.415], [111.555, 26.495]]]}, "properties": {"source": "CAAC XLS", "airport_name": "永州/零陵", "icao": "ZGLG", "runway": "18/36", "airport_elevation_m": 103.1}}, {"type": "Feature", "geometry": {"type": "Polygon", "coordinates": [[[116.18666667, 24.4], [116.24, 24.35666667], [116.16833333, 24.30166667], [116.15666667, 24.23], [116.14333333, 24.21166667], [116.06333333, 24.19833333], [116.01166667, 24.12666667], [115.95833333, 24.16833333], [116.02833333, 24.225], [116.03666667, 24.29666667], [116.055, 24.31333333], [116.135, 24.32833333], [116.18666667, 24.4]]]}, "properties": {"source": "CAAC XLS", "airport_name": "梅州/梅县", "icao": "ZGMX", "runway": "04/22", "airport_elevation_m": 92.7}}, {"type": "Feature", "geometry": {"type": "Polygon", "coordinates": [[[108.27833333, 22.74333333], [108.32666667, 22.695], [108.25166667, 22.64333333], [108.235, 22.57333333], [108.21, 22.55333333], [108.13, 22.54166667], [108.07333333, 22.47666667], [108.02666667, 22.52166667], [108.10333333, 22.57333333], [108.11833333, 22.64666667], [108.13833333, 22.66666667], [108.21833333, 22.67333333], [108.27833333, 22.74333333]]]}, "properties": {"source": "CAAC XLS", "airport_name": "南宁/吴圩", "icao": "ZGNN", "runway": "05/23", "airport_elevation_m": 128.1}}, {"type": "Feature", "geometry": {"type": "Polygon", "coordinates": [[[116.585, 23.69333333], [116.64, 23.65333333], [116.57, 23.59333333], [116.56666667, 23.52166667], [116.54666667, 23.5], [116.46833333, 23.485], [116.42166667, 23.40833333], [116.36666667, 23.45333333], [116.43666667, 23.51], [116.44, 23.585], [116.45833333, 23.60166667], [116.53666667, 23.62], [116.585, 23.69333333]]]}, "properties": {"source": "CAAC XLS", "airport_name": "揭阳/潮汕", "icao": "ZGOW", "runway": "04/22", "airport_elevation_m": 15.6}}, {"type": "Feature", "geometry": {"type": "Polygon", "coordinates": [[[113.47666667, 22.145], [113.525, 22.10166667], [113.45, 22.05], [113.43833333, 21.97333333], [113.41333333, 21.95], [113.335, 21.935], [113.27666667, 21.86833333], [113.22666667, 21.915], [113.3, 21.96666667], [113.31333333, 22.04], [113.34333333, 22.06333333], [113.42, 22.07833333], [113.47666667, 22.145]]]}, "properties": {"source": "CAAC XLS", "airport_name": "珠海/金湾", "icao": "ZGSD", "runway": "05/23", "airport_elevation_m": 6.3}}, {"type": "Feature", "geometry": {"type": "Polygon", "coordinates": [[[113.545, 24.85666667], [113.48166667, 24.825], [113.44666667, 24.90166667], [113.36833333, 24.93], [113.35333333, 24.95166667], [113.36, 25.02666667], [113.30166667, 25.09166667], [113.36, 25.12666667], [113.4, 25.05], [113.47333333, 25.02166667], [113.49, 25.0], [113.48166667, 24.925], [113.545, 24.85666667]]]}, "properties": {"source": "CAAC XLS", "airport_name": "韶关/丹霞", "icao": "ZGSG", "runway": "15/33", "airport_elevation_m": 86.3}}, {"type": "Feature", "geometry": {"type": "Polygon", "coordinates": [[[110.69, 26.96166667], [110.755, 26.92833333], [110.7, 26.86166667], [110.70833333, 26.785], [110.69666667, 26.765], [110.62166667, 26.73166667], [110.59, 26.65333333], [110.525, 26.68166667], [110.585, 26.75333333], [110.57333333, 26.825], [110.58333333, 26.84833333], [110.65833333, 26.87833333], [110.69, 26.96166667]]]}, "properties": {"source": "CAAC XLS", "airport_name": "邵阳/武冈", "icao": "ZGSY", "runway": "03/21", "airport_elevation_m": 460.5}}, {"type": "Feature", "geometry": {"type": "Polygon", "coordinates": [[[113.90333333, 22.51], [113.84, 22.47833333], [113.81333333, 22.56], [113.74166667, 22.59333333], [113.725, 22.62666667], [113.735, 22.70166667], [113.68333333, 22.76833333], [113.74666667, 22.80166667], [113.77333333, 22.71666667], [113.845, 22.685], [113.86166667, 22.65166667], [113.85166667, 22.58], [113.90333333, 22.51]]]}, "properties": {"source": "CAAC XLS", "airport_name": "深圳/宝安", "icao": "ZGSZ", "runway": "16/34", "airport_elevation_m": 4.0}}, {"type": "Feature", "geometry": {"type": "Polygon", "coordinates": [[[113.92, 22.51166667], [113.85833333, 22.48], [113.82666667, 22.56166667], [113.75833333, 22.59833333], [113.74333333, 22.625], [113.75333333, 22.69666667], [113.70166667, 22.76666667], [113.765, 22.79666667], [113.79166667, 22.71833333], [113.86333333, 22.68333333], [113.87833333, 22.65333333], [113.86833333, 22.58], [113.92, 22.51166667]]]}, "properties": {"source": "CAAC XLS", "airport_name": "深圳/宝安", "icao": "ZGSZ", "runway": "15/33", "airport_elevation_m": 4.0}}, {"type": "Feature", "geometry": {"type": "Polygon", "coordinates": [[[111.18333333, 23.545], [111.23666667, 23.50166667], [111.16833333, 23.44333333], [111.15833333, 23.37166667], [111.14166667, 23.35333333], [111.06333333, 23.33666667], [111.01333333, 23.26166667], [110.96166667, 23.305], [111.03, 23.36333333], [111.04, 23.435], [111.05666667, 23.455], [111.13333333, 23.47], [111.18333333, 23.545]]]}, "properties": {"source": "CAAC XLS", "airport_name": "梧州/西江", "icao": "ZGWZ", "runway": "04/22", "airport_elevation_m": 93.7}}, {"type": "Feature", "geometry": {"type": "Polygon", "coordinates": [[[109.60833333, 28.63333333], [109.66666667, 28.59], [109.59166667, 28.535], [109.58166667, 28.46333333], [109.56666667, 28.44333333], [109.48166667, 28.42666667], [109.43166667, 28.35666667], [109.37333333, 28.4], [109.45, 28.455], [109.455, 28.53], [109.475, 28.545], [109.555, 28.56166667], [109.60833333, 28.63333333]]]}, "properties": {"source": "CAAC XLS", "airport_name": "湘西/边城", "icao": "ZGXX", "runway": "04/22", "airport_elevation_m": 710.1}}, {"type": "Feature", "geometry": {"type": "Polygon", "coordinates": [[[113.32166667, 29.15666667], [113.24666667, 29.15666667], [113.25833333, 29.24166667], [113.21, 29.30166667], [113.21, 29.325], [113.26, 29.38333333], [113.245, 29.46833333], [113.31666667, 29.47166667], [113.30333333, 29.38666667], [113.35333333, 29.32666667], [113.35333333, 29.3], [113.30333333, 29.24166667], [113.32166667, 29.15666667]]]}, "properties": {"source": "CAAC XLS", "airport_name": "岳阳/三荷", "icao": "ZGYY", "runway": "18/36", "airport_elevation_m": 75.5}}, {"type": "Feature", "geometry": {"type": "Polygon", "coordinates": [[[109.49666667, 24.08], [109.43333333, 24.05333333], [109.40666667, 24.135], [109.335, 24.17166667], [109.32166667, 24.19333333], [109.33666667, 24.26666667], [109.28666667, 24.33833333], [109.35166667, 24.365], [109.37666667, 24.28333333], [109.45166667, 24.24666667], [109.45833333, 24.225], [109.44333333, 24.15166667], [109.49666667, 24.08]]]}, "properties": {"source": "CAAC XLS", "airport_name": "柳州/白莲", "icao": "ZGZH", "runway": "16/34", "airport_elevation_m": 100.3}}, {"type": "Feature", "geometry": {"type": "Polygon", "coordinates": [[[110.70833333, 21.36333333], [110.64833333, 21.33], [110.61666667, 21.41], [110.54166667, 21.44], [110.53, 21.46333333], [110.53333333, 21.54], [110.47833333, 21.60666667], [110.53666667, 21.64], [110.57333333, 21.56], [110.64666667, 21.52666667], [110.66166667, 21.50166667], [110.65166667, 21.43], [110.70833333, 21.36333333]]]}, "properties": {"source": "CAAC XLS", "airport_name": "湛江/吴川", "icao": "ZGZJ", "runway": "15/33", "airport_elevation_m": 20.5}}, {"type": "Feature", "geometry": {"type": "Polygon", "coordinates": [[[114.05333333, 34.50166667], [114.02333333, 34.44166667], [113.93666667, 34.485], [113.84666667, 34.46666667], [113.81, 34.48166667], [113.765, 34.545], [113.66166667, 34.565], [113.69333333, 34.62333333], [113.78333333, 34.58], [113.86833333, 34.6], [113.90666667, 34.585], [113.955, 34.525], [114.05333333, 34.50166667]]]}, "properties": {"source": "CAAC XLS", "airport_name": "郑州/新郑", "icao": "ZHCC", "runway": "12L/30R", "airport_elevation_m": 151.2}}, {"type": "Feature", "geometry": {"type": "Polygon", "coordinates": [[[114.035, 34.48833333], [114.005, 34.43], [113.91833333, 34.47333333], [113.82833333, 34.45333333], [113.79666667, 34.46833333], [113.74833333, 34.52833333], [113.645, 34.55], [113.675, 34.60833333], [113.76666667, 34.56833333], [113.85166667, 34.58333333], [113.88833333, 34.57166667], [113.93333333, 34.50833333], [114.035, 34.48833333]]]}, "properties": {"source": "CAAC XLS", "airport_name": "郑州/新郑", "icao": "ZHCC", "runway": "12R/30L", "airport_elevation_m": 151.2}}, {"type": "Feature", "geometry": {"type": "Polygon", "coordinates": [[[109.475, 30.48333333], [109.55, 30.47], [109.52, 30.38833333], [109.55833333, 30.32166667], [109.555, 30.30166667], [109.49666667, 30.24833333], [109.49333333, 30.16], [109.41833333, 30.17], [109.45166667, 30.25166667], [109.41166667, 30.31833333], [109.41333333, 30.34166667], [109.47666667, 30.395], [109.475, 30.48333333]]]}, "properties": {"source": "CAAC XLS", "airport_name": "恩施/许家坪", "icao": "ZHES", "runway": "01/19", "airport_elevation_m": 494.9}}, {"type": "Feature", "geometry": {"type": "Polygon", "coordinates": [[[114.30166667, 30.925], [114.35833333, 30.885], [114.285, 30.82833333], [114.27666667, 30.75166667], [114.25333333, 30.73166667], [114.16666667, 30.715], [114.115, 30.64], [114.055, 30.68333333], [114.135, 30.74166667], [114.14, 30.81333333], [114.16333333, 30.83666667], [114.25, 30.855], [114.30166667, 30.925]]]}, "properties": {"source": "CAAC XLS", "airport_name": "武汉/天河", "icao": "ZHHH", "runway": "04L/22R", "airport_elevation_m": 34.5}}, {"type": "Feature", "geometry": {"type": "Polygon", "coordinates": [[[114.32, 30.91166667], [114.375, 30.86833333], [114.30166667, 30.815], [114.29, 30.73833333], [114.26833333, 30.71666667], [114.18333333, 30.7], [114.12666667, 30.625], [114.07, 30.67166667], [114.14833333, 30.72666667], [114.15666667, 30.80166667], [114.18166667, 30.82333333], [114.26333333, 30.84166667], [114.32, 30.91166667]]]}, "properties": {"source": "CAAC XLS", "airport_name": "武汉/天河", "icao": "ZHHH", "runway": "04R/22L", "airport_elevation_m": 34.5}}, {"type": "Feature", "geometry": {"type": "Polygon", "coordinates": [[[112.56333333, 34.81], [112.58, 34.74833333], [112.47666667, 34.73833333], [112.41833333, 34.68333333], [112.39166667, 34.675], [112.30833333, 34.70333333], [112.21333333, 34.67], [112.19333333, 34.73666667], [112.29666667, 34.74166667], [112.355, 34.80166667], [112.385, 34.805], [112.46833333, 34.77666667], [112.56333333, 34.81]]]}, "properties": {"source": "CAAC XLS", "airport_name": "洛阳", "icao": "ZHLY", "runway": "08/26", "airport_elevation_m": 264.5}}, {"type": "Feature", "geometry": {"type": "Polygon", "coordinates": [[[112.71333333, 33.12333333], [112.77333333, 33.07666667], [112.69166667, 33.02333333], [112.68333333, 32.95166667], [112.66166667, 32.93166667], [112.575, 32.91333333], [112.52, 32.84166667], [112.46166667, 32.88833333], [112.54333333, 32.94], [112.55, 33.01666667], [112.57333333, 33.03666667], [112.65833333, 33.05], [112.71333333, 33.12333333]]]}, "properties": {"source": "CAAC XLS", "airport_name": "南阳/姜营", "icao": "ZHNY", "runway": "05/23", "airport_elevation_m": 126.3}}, {"type": "Feature", "geometry": {"type": "Polygon", "coordinates": [[[110.255, 31.77], [110.33, 31.78666667], [110.34, 31.70333333], [110.41, 31.65333333], [110.41833333, 31.62833333], [110.385, 31.56166667], [110.42166667, 31.48], [110.35, 31.46666667], [110.33666667, 31.55166667], [110.27, 31.59666667], [110.26333333, 31.62166667], [110.295, 31.69333333], [110.255, 31.77]]]}, "properties": {"source": "CAAC XLS", "airport_name": "神农架/红坪", "icao": "ZHSN", "runway": "17/35", "airport_elevation_m": 2584.8}}, {"type": "Feature", "geometry": {"type": "Polygon", "coordinates": [[[111.07, 32.51666667], [111.02166667, 32.46666667], [110.95666667, 32.53166667], [110.86833333, 32.53666667], [110.84666667, 32.55166667], [110.825, 32.62666667], [110.74166667, 32.67], [110.79, 32.72], [110.85833333, 32.655], [110.94333333, 32.65166667], [110.96833333, 32.635], [110.985, 32.56], [111.07, 32.51666667]]]}, "properties": {"source": "CAAC XLS", "airport_name": "十堰/武当山", "icao": "ZHSY", "runway": "13/31", "airport_elevation_m": 325.0}}, {"type": "Feature", "geometry": {"type": "Polygon", "coordinates": [[[112.28333333, 32.30833333], [112.36166667, 32.3], [112.33, 32.21833333], [112.36833333, 32.15166667], [112.36166667, 32.13], [112.30166667, 32.07833333], [112.29833333, 31.99], [112.22, 32.00333333], [112.25166667, 32.085], [112.21333333, 32.15], [112.21833333, 32.17333333], [112.28333333, 32.22333333], [112.28333333, 32.30833333]]]}, "properties": {"source": "CAAC XLS", "airport_name": "襄阳/刘集", "icao": "ZHXF", "runway": "01/19", "airport_elevation_m": 71.4}}, {"type": "Feature", "geometry": {"type": "Polygon", "coordinates": [[[111.64, 30.47166667], [111.585, 30.42666667], [111.52333333, 30.49166667], [111.43833333, 30.5], [111.41833333, 30.51666667], [111.40166667, 30.59], [111.32, 30.63833333], [111.37166667, 30.68666667], [111.43333333, 30.62166667], [111.52166667, 30.61], [111.53833333, 30.59333333], [111.555, 30.52], [111.64, 30.47166667]]]}, "properties": {"source": "CAAC XLS", "airport_name": "宜昌/三峡", "icao": "ZHYC", "runway": "14/32", "airport_elevation_m": 204.7}}, {"type": "Feature", "geometry": {"type": "Polygon", "coordinates": [[[110.63166667, 19.96666667], [110.63166667, 19.90333333], [110.54166667, 19.91666667], [110.475, 19.87], [110.44333333, 19.87], [110.37666667, 19.91333333], [110.28666667, 19.9], [110.28666667, 19.96833333], [110.37666667, 19.95333333], [110.44, 20.0], [110.475, 20.0], [110.54166667, 19.95666667], [110.63166667, 19.96666667]]]}, "properties": {"source": "CAAC XLS", "airport_name": "海口/美兰", "icao": "ZJHK", "runway": "09/27", "airport_elevation_m": 22.6}}, {"type": "Feature", "geometry": {"type": "Polygon", "coordinates": [[[110.56833333, 19.02], [110.505, 18.985], [110.475, 19.06833333], [110.40333333, 19.09833333], [110.38833333, 19.12333333], [110.39666667, 19.195], [110.34, 19.26333333], [110.40166667, 19.29833333], [110.43333333, 19.21833333], [110.505, 19.185], [110.52, 19.16166667], [110.51166667, 19.085], [110.56833333, 19.02]]]}, "properties": {"source": "CAAC XLS", "airport_name": "琼海/博鳌", "icao": "ZJQH", "runway": "15/33", "airport_elevation_m": 16.2}}, {"type": "Feature", "geometry": {"type": "Polygon", "coordinates": [[[109.57333333, 18.35833333], [109.585, 18.29333333], [109.495, 18.29166667], [109.43833333, 18.24333333], [109.40666667, 18.23666667], [109.335, 18.27166667], [109.25166667, 18.25], [109.24166667, 18.315], [109.33166667, 18.31166667], [109.38833333, 18.36333333], [109.41833333, 18.36666667], [109.48666667, 18.335], [109.57333333, 18.35833333]]]}, "properties": {"source": "CAAC XLS", "airport_name": "三亚/凤凰", "icao": "ZJSY", "runway": "08/26", "airport_elevation_m": 28.5}}, {"type": "Feature", "geometry": {"type": "Polygon", "coordinates": [[[99.16333333, 24.89166667], [99.09666667, 24.905], [99.13166667, 24.985], [99.095, 25.05666667], [99.1, 25.075], [99.16166667, 25.125], [99.16833333, 25.21333333], [99.23833333, 25.19666667], [99.20333333, 25.11666667], [99.23666667, 25.05166667], [99.235, 25.02666667], [99.17333333, 24.97666667], [99.16333333, 24.89166667]]]}, "properties": {"source": "CAAC XLS", "airport_name": "保山/云瑞", "icao": "ZPBS", "runway": "19/01", "airport_elevation_m": 1664.8}}, {"type": "Feature", "geometry": {"type": "Polygon", "coordinates": [[[100.85, 21.83666667], [100.78333333, 21.81833333], [100.76833333, 21.90166667], [100.7, 21.94166667], [100.695, 21.965], [100.71833333, 22.03666667], [100.675, 22.11], [100.74166667, 22.135], [100.75833333, 22.05], [100.82166667, 22.005], [100.83, 21.98333333], [100.80666667, 21.915], [100.85, 21.83666667]]]}, "properties": {"source": "CAAC XLS", "airport_name": "西双版纳/嘎洒", "icao": "ZPJH", "runway": "16/34", "airport_elevation_m": 553.1}}, {"type": "Feature", "geometry": {"type": "Polygon", "coordinates": [[[99.95, 22.36666667], [99.915, 22.31], [99.84, 22.36333333], [99.76, 22.355], [99.73833333, 22.36666667], [99.705, 22.435], [99.61833333, 22.46833333], [99.65666667, 22.52333333], [99.72666667, 22.47], [99.80666667, 22.48], [99.82833333, 22.46833333], [99.86166667, 22.40166667], [99.95, 22.36666667]]]}, "properties": {"source": "CAAC XLS", "airport_name": "澜沧/景迈", "icao": "ZPJM", "runway": "12/30", "airport_elevation_m": 1351.1}}, {"type": "Feature", "geometry": {"type": "Polygon", "coordinates": [[[100.12833333, 23.61333333], [100.06666667, 23.585], [100.03666667, 23.66666667], [99.96833333, 23.7], [99.955, 23.72333333], [99.97, 23.79666667], [99.92, 23.86833333], [99.985, 23.89333333], [100.01166667, 23.81166667], [100.08, 23.77833333], [100.09333333, 23.755], [100.07666667, 23.685], [100.12833333, 23.61333333]]]}, "properties": {"source": "CAAC XLS", "airport_name": "临沧/博尚", "icao": "ZPLC", "runway": "16/34", "airport_elevation_m": 1896.5}}, {"type": "Feature", "geometry": {"type": "Polygon", "coordinates": [[[100.26333333, 26.84], [100.33333333, 26.81833333], [100.29166667, 26.74333333], [100.31833333, 26.67], [100.31, 26.64666667], [100.24333333, 26.60166667], [100.22666667, 26.51666667], [100.15666667, 26.53333333], [100.20166667, 26.61333333], [100.17166667, 26.685], [100.18, 26.71], [100.24666667, 26.755], [100.26333333, 26.84]]]}, "properties": {"source": "CAAC XLS", "airport_name": "丽江/三义", "icao": "ZPLJ", "runway": "20/02", "airport_elevation_m": 2242.8}}, {"type": "Feature", "geometry": {"type": "Polygon", "coordinates": [[[98.625, 24.53333333], [98.67833333, 24.48666667], [98.6, 24.43833333], [98.59, 24.36166667], [98.575, 24.35166667], [98.49166667, 24.33833333], [98.43666667, 24.26666667], [98.38833333, 24.31333333], [98.46333333, 24.36666667], [98.47333333, 24.43833333], [98.49166667, 24.455], [98.57166667, 24.46666667], [98.625, 24.53333333]]]}, "properties": {"source": "CAAC XLS", "airport_name": "德宏/芒市", "icao": "ZPMS", "runway": "23/05", "airport_elevation_m": 877.0}}, {"type": "Feature", "geometry": {"type": "Polygon", "coordinates": [[[100.87333333, 27.66833333], [100.92166667, 27.61833333], [100.84, 27.57333333], [100.82, 27.5], [100.79166667, 27.48333333], [100.70833333, 27.47666667], [100.645, 27.41166667], [100.6, 27.46166667], [100.68166667, 27.505], [100.70166667, 27.58], [100.72666667, 27.6], [100.80833333, 27.60666667], [100.87333333, 27.66833333]]]}, "properties": {"source": "CAAC XLS", "airport_name": "宁蒗/泸沽湖", "icao": "ZPNL", "runway": "05/23", "airport_elevation_m": 3292.9}}, {"type": "Feature", "geometry": {"type": "Polygon", "coordinates": [[[103.01166667, 25.26333333], [103.06833333, 25.22333333], [103.00166667, 25.16666667], [102.99833333, 25.09], [102.97666667, 25.06833333], [102.895, 25.045], [102.85166667, 24.97], [102.79166667, 25.01166667], [102.86333333, 25.07], [102.86666667, 25.14666667], [102.885, 25.17166667], [102.96666667, 25.19166667], [103.01166667, 25.26333333]]]}, "properties": {"source": "CAAC XLS", "airport_name": "昆明/长水", "icao": "ZPPP", "runway": "03/21", "airport_elevation_m": 2103.5}}, {"type": "Feature", "geometry": {"type": "Polygon", "coordinates": [[[103.025, 25.25166667], [103.085, 25.21333333], [103.015, 25.15166667], [103.01166667, 25.07666667], [102.98666667, 25.05166667], [102.90833333, 25.02833333], [102.85833333, 24.95666667], [102.80166667, 24.995], [102.87333333, 25.05333333], [102.875, 25.12833333], [102.90166667, 25.15666667], [102.97833333, 25.17666667], [103.025, 25.25166667]]]}, "properties": {"source": "CAAC XLS", "airport_name": "昆明/长水", "icao": "ZPPP", "runway": "04/22", "airport_elevation_m": 2103.5}}, {"type": "Feature", "geometry": {"type": "Polygon", "coordinates": [[[101.00833333, 22.64166667], [100.93833333, 22.63333333], [100.94333333, 22.72166667], [100.89333333, 22.775], [100.88833333, 22.8], [100.93166667, 22.865], [100.91, 22.94833333], [100.97833333, 22.95166667], [100.975, 22.86833333], [101.025, 22.81], [101.03, 22.78666667], [100.98666667, 22.725], [101.00833333, 22.64166667]]]}, "properties": {"source": "CAAC XLS", "airport_name": "普洱/思茅", "icao": "ZPSM", "runway": "18/36", "airport_elevation_m": 1300.1}}, {"type": "Feature", "geometry": {"type": "Polygon", "coordinates": [[[98.52, 24.78333333], [98.45166667, 24.78333333], [98.46166667, 24.86833333], [98.41666667, 24.92833333], [98.41666667, 24.95666667], [98.46166667, 25.01666667], [98.45166667, 25.10166667], [98.52, 25.10166667], [98.50666667, 25.01833333], [98.55666667, 24.95666667], [98.55666667, 24.925], [98.50666667, 24.86833333], [98.52, 24.78333333]]]}, "properties": {"source": "CAAC XLS", "airport_name": "腾冲/驼峰", "icao": "ZPTC", "runway": "18/36", "airport_elevation_m": 1887.8}}, {"type": "Feature", "geometry": {"type": "Polygon", "coordinates": [[[106.66, 29.88333333], [106.73166667, 29.86166667], [106.69, 29.78333333], [106.71833333, 29.71333333], [106.70833333, 29.685], [106.64, 29.64], [106.62333333, 29.555], [106.55166667, 29.57666667], [106.59333333, 29.65166667], [106.56833333, 29.725], [106.575, 29.75], [106.64333333, 29.79833333], [106.66, 29.88333333]]]}, "properties": {"source": "CAAC XLS", "airport_name": "重庆/江北", "icao": "ZUCK", "runway": "02L/20R", "airport_elevation_m": 415.5}}, {"type": "Feature", "geometry": {"type": "Polygon", "coordinates": [[[106.665, 29.88333333], [106.735, 29.86666667], [106.695, 29.78666667], [106.72, 29.71833333], [106.71166667, 29.685], [106.64166667, 29.64], [106.63, 29.555], [106.555, 29.57666667], [106.6, 29.65166667], [106.57, 29.72166667], [106.58, 29.75333333], [106.65166667, 29.80166667], [106.665, 29.88333333]]]}, "properties": {"source": "CAAC XLS", "airport_name": "重庆/江北", "icao": "ZUCK", "runway": "02R/20L", "airport_elevation_m": 415.5}}, {"type": "Feature", "geometry": {"type": "Polygon", "coordinates": [[[100.15166667, 29.17], [100.07666667, 29.15166667], [100.06333333, 29.23666667], [99.99833333, 29.28166667], [99.98333333, 29.31833333], [100.01166667, 29.38833333], [99.97, 29.46666667], [100.04166667, 29.485], [100.05833333, 29.4], [100.125, 29.35166667], [100.135, 29.31833333], [100.10666667, 29.245], [100.15166667, 29.17]]]}, "properties": {"source": "CAAC XLS", "airport_name": "稻城/亚丁", "icao": "ZUDC", "runway": "16/34", "airport_elevation_m": 4411.0}}, {"type": "Feature", "geometry": {"type": "Polygon", "coordinates": [[[105.87, 32.45], [105.885, 32.38833333], [105.78333333, 32.385], [105.72333333, 32.32833333], [105.69666667, 32.32666667], [105.61833333, 32.35833333], [105.52166667, 32.33], [105.505, 32.39166667], [105.60833333, 32.395], [105.66666667, 32.45], [105.695, 32.45333333], [105.775, 32.425], [105.87, 32.45]]]}, "properties": {"source": "CAAC XLS", "airport_name": "广元/盘龙", "icao": "ZUGU", "runway": "08/26", "airport_elevation_m": 626.5}}, {"type": "Feature", "geometry": {"type": "Polygon", "coordinates": [[[106.80666667, 26.375], [106.735, 26.38833333], [106.76666667, 26.46666667], [106.73, 26.53666667], [106.735, 26.565], [106.79333333, 26.61666667], [106.79666667, 26.70166667], [106.86833333, 26.68833333], [106.83833333, 26.61], [106.875, 26.54], [106.86666667, 26.51166667], [106.80666667, 26.46], [106.80666667, 26.375]]]}, "properties": {"source": "CAAC XLS", "airport_name": "贵阳/龙洞堡", "icao": "ZUGY", "runway": "01/19", "airport_elevation_m": 1138.9}}, {"type": "Feature", "geometry": {"type": "Polygon", "coordinates": [[[99.74666667, 31.715], [99.71333333, 31.65333333], [99.62833333, 31.705], [99.54166667, 31.69], [99.50666667, 31.70833333], [99.465, 31.77333333], [99.36666667, 31.79666667], [99.40333333, 31.85833333], [99.48333333, 31.81], [99.57, 31.82], [99.61, 31.80666667], [99.64833333, 31.73833333], [99.74666667, 31.715]]]}, "properties": {"source": "CAAC XLS", "airport_name": "甘孜/格萨尔", "icao": "ZUGZ", "runway": "12/30", "airport_elevation_m": 4067.0}}, {"type": "Feature", "geometry": {"type": "Polygon", "coordinates": [[[101.86833333, 30.01833333], [101.80333333, 29.98666667], [101.76333333, 30.06666667], [101.685, 30.09333333], [101.66666667, 30.125], [101.67166667, 30.20166667], [101.60833333, 30.26833333], [101.67666667, 30.30166667], [101.71166667, 30.22], [101.79, 30.19], [101.81333333, 30.16166667], [101.80333333, 30.085], [101.86833333, 30.01833333]]]}, "properties": {"source": "CAAC XLS", "airport_name": "康定", "icao": "ZUKD", "runway": "15/33", "airport_elevation_m": 4238.3}}, {"type": "Feature", "geometry": {"type": "Polygon", "coordinates": [[[109.28333333, 26.42833333], [109.31666667, 26.37166667], [109.23, 26.33833333], [109.195, 26.27], [109.17333333, 26.26333333], [109.09166667, 26.27166667], [109.01666667, 26.21833333], [108.98, 26.27333333], [109.07166667, 26.30333333], [109.10666667, 26.37166667], [109.12333333, 26.385], [109.205, 26.37333333], [109.28333333, 26.42833333]]]}, "properties": {"source": "CAAC XLS", "airport_name": "黎平", "icao": "ZUNP", "runway": "06/24", "airport_elevation_m": 484.6}}, {"type": "Feature", "geometry": {"type": "Polygon", "coordinates": [[[108.94333333, 29.64333333], [108.87333333, 29.66833333], [108.845, 29.58666667], [108.77, 29.55333333], [108.75833333, 29.53333333], [108.77666667, 29.46], [108.72166667, 29.38666667], [108.79, 29.35833333], [108.81833333, 29.44], [108.89333333, 29.47833333], [108.90166667, 29.49666667], [108.88833333, 29.57], [108.94333333, 29.64333333]]]}, "properties": {"source": "CAAC XLS", "airport_name": "黔江/武陵山", "icao": "ZUQJ", "runway": "44276.0", "airport_elevation_m": 632.0}}, {"type": "Feature", "geometry": {"type": "Polygon", "coordinates": [[[109.40333333, 28.02333333], [109.46, 27.97833333], [109.385, 27.925], [109.37166667, 27.85], [109.35666667, 27.83333333], [109.27166667, 27.81833333], [109.22, 27.75], [109.16333333, 27.79166667], [109.23833333, 27.84833333], [109.25166667, 27.92], [109.26666667, 27.93666667], [109.35166667, 27.95166667], [109.40333333, 28.02333333]]]}, "properties": {"source": "CAAC XLS", "airport_name": "铜仁/凤凰", "icao": "ZUTR", "runway": "04/22", "airport_elevation_m": 704.5}}, {"type": "Feature", "geometry": {"type": "Polygon", "coordinates": [[[103.97666667, 30.69833333], [104.05, 30.67333333], [103.99666667, 30.59666667], [104.02, 30.525], [104.00333333, 30.49666667], [103.93333333, 30.455], [103.91, 30.37333333], [103.84, 30.395], [103.89, 30.47], [103.86666667, 30.54166667], [103.88333333, 30.575], [103.95666667, 30.61166667], [103.97666667, 30.69833333]]]}, "properties": {"source": "CAAC XLS", "airport_name": "成都/双流", "icao": "ZUUU", "runway": "02R/20L", "airport_elevation_m": 512.4}}, {"type": "Feature", "geometry": {"type": "Polygon", "coordinates": [[[103.98, 30.74], [104.05333333, 30.71833333], [104.0, 30.64333333], [104.02333333, 30.56833333], [104.00666667, 30.53833333], [103.93333333, 30.50166667], [103.91333333, 30.41833333], [103.84333333, 30.44166667], [103.89333333, 30.51333333], [103.87, 30.58833333], [103.88666667, 30.61833333], [103.96, 30.65833333], [103.98, 30.74]]]}, "properties": {"source": "CAAC XLS", "airport_name": "成都/双流", "icao": "ZUUU", "runway": "02L/20R", "airport_elevation_m": 512.4}}, {"type": "Feature", "geometry": {"type": "Polygon", "coordinates": [[[104.46333333, 30.47], [104.53, 30.445], [104.48, 30.37333333], [104.5, 30.29833333], [104.48666667, 30.265], [104.41333333, 30.22833333], [104.39, 30.145], [104.31833333, 30.16666667], [104.37166667, 30.24], [104.34833333, 30.31333333], [104.36666667, 30.34666667], [104.43666667, 30.38833333], [104.46333333, 30.47]]]}, "properties": {"source": "CAAC XLS", "airport_name": "成都/天府", "icao": "ZUTF", "runway": "01/19", "airport_elevation_m": 442.5}}, {"type": "Feature", "geometry": {"type": "Polygon", "coordinates": [[[104.47833333, 30.45], [104.54833333, 30.425], [104.5, 30.35166667], [104.52, 30.27833333], [104.505, 30.255], [104.435, 30.215], [104.40833333, 30.13166667], [104.34166667, 30.15333333], [104.39, 30.23], [104.37166667, 30.3], [104.38166667, 30.33], [104.455, 30.36666667], [104.47833333, 30.45]]]}, "properties": {"source": "CAAC XLS", "airport_name": "成都/天府", "icao": "ZUTF", "runway": "44247.0", "airport_elevation_m": 442.5}}, {"type": "Feature", "geometry": {"type": "Polygon", "coordinates": [[[104.665, 30.27833333], [104.63833333, 30.21833333], [104.55166667, 30.26], [104.47, 30.24166667], [104.43333333, 30.255], [104.385, 30.31833333], [104.29166667, 30.33833333], [104.32, 30.40166667], [104.405, 30.355], [104.48666667, 30.37333333], [104.52333333, 30.36], [104.56833333, 30.29666667], [104.665, 30.27833333]]]}, "properties": {"source": "CAAC XLS", "airport_name": "成都/天府", "icao": "ZUTF", "runway": "11.0", "airport_elevation_m": 442.5}}, {"type": "Feature", "geometry": {"type": "Polygon", "coordinates": [[[108.61833333, 30.77333333], [108.59333333, 30.715], [108.50666667, 30.755], [108.42333333, 30.73833333], [108.39333333, 30.745], [108.34666667, 30.81], [108.25166667, 30.82666667], [108.27666667, 30.89], [108.36333333, 30.845], [108.44666667, 30.86666667], [108.47666667, 30.855], [108.52333333, 30.79166667], [108.61833333, 30.77333333]]]}, "properties": {"source": "CAAC XLS", "airport_name": "万州/五桥", "icao": "ZUWX", "runway": "11/29", "airport_elevation_m": 572.4}}, {"type": "Feature", "geometry": {"type": "Polygon", "coordinates": [[[102.14, 28.15166667], [102.21333333, 28.15333333], [102.205, 28.06833333], [102.25666667, 28.00833333], [102.255, 27.97333333], [102.20833333, 27.91166667], [102.22833333, 27.82666667], [102.155, 27.825], [102.16333333, 27.91], [102.11166667, 27.97166667], [102.11, 28.00166667], [102.16, 28.06666667], [102.14, 28.15166667]]]}, "properties": {"source": "CAAC XLS", "airport_name": "西昌/青山", "icao": "ZUXC", "runway": "18/36", "airport_elevation_m": 1559.2}}, {"type": "Feature", "geometry": {"type": "Polygon", "coordinates": [[[104.71, 28.86166667], [104.72666667, 28.79666667], [104.62666667, 28.79333333], [104.57166667, 28.73833333], [104.54666667, 28.735], [104.47, 28.76666667], [104.37833333, 28.74], [104.36666667, 28.80166667], [104.46166667, 28.80833333], [104.52166667, 28.86], [104.54166667, 28.86666667], [104.61833333, 28.835], [104.71, 28.86166667]]]}, "properties": {"source": "CAAC XLS", "airport_name": "宜宾/五粮液", "icao": "ZUYB", "runway": "08/26", "airport_elevation_m": 282.6}}, {"type": "Feature", "geometry": {"type": "Polygon", "coordinates": [[[105.05833333, 24.95], [104.99166667, 24.925], [104.96833333, 25.00833333], [104.90166667, 25.05], [104.88833333, 25.07], [104.90666667, 25.14333333], [104.86, 25.21666667], [104.92666667, 25.24166667], [104.95, 25.15833333], [105.02, 25.12], [105.02833333, 25.09666667], [105.01166667, 25.02333333], [105.05833333, 24.95]]]}, "properties": {"source": "CAAC XLS", "airport_name": "兴义/万峰林", "icao": "ZUYI", "runway": "16/34", "airport_elevation_m": 1255.1}}, {"type": "Feature", "geometry": {"type": "Polygon", "coordinates": [[[101.82666667, 26.70166667], [101.895, 26.67666667], [101.85, 26.6], [101.86833333, 26.53], [101.85833333, 26.50333333], [101.78833333, 26.46333333], [101.76666667, 26.38], [101.70166667, 26.40333333], [101.74666667, 26.47833333], [101.72833333, 26.55], [101.73833333, 26.57666667], [101.80833333, 26.61666667], [101.82666667, 26.70166667]]]}, "properties": {"source": "CAAC XLS", "airport_name": "攀枝花/保安营", "icao": "ZUZH", "runway": "02/20", "airport_elevation_m": 1980.2}}, {"type": "Feature", "geometry": {"type": "Polygon", "coordinates": [[[109.06333333, 32.775], [109.05333333, 32.71], [108.955, 32.72833333], [108.88166667, 32.69333333], [108.85, 32.69333333], [108.785, 32.74333333], [108.68333333, 32.74166667], [108.69333333, 32.80666667], [108.79, 32.78333333], [108.86833333, 32.82333333], [108.89666667, 32.82], [108.96166667, 32.76833333], [109.06333333, 32.775]]]}, "properties": {"source": "CAAC XLS", "airport_name": "安康/富强", "icao": "ZLAK", "runway": "10/28", "airport_elevation_m": 371.3}}, {"type": "Feature", "geometry": {"type": "Polygon", "coordinates": [[[95.01, 40.21166667], [95.01833333, 40.14333333], [94.90666667, 40.15], [94.835, 40.10166667], [94.80166667, 40.09833333], [94.71833333, 40.135], [94.60666667, 40.11166667], [94.6, 40.17666667], [94.71166667, 40.175], [94.785, 40.22166667], [94.81666667, 40.225], [94.90166667, 40.19], [95.01, 40.21166667]]]}, "properties": {"source": "CAAC XLS", "airport_name": "敦煌/莫高", "icao": "ZLDH", "runway": "08/26", "airport_elevation_m": 1125.6}}, {"type": "Feature", "geometry": {"type": "Polygon", "coordinates": [[[97.44333333, 37.20666667], [97.47166667, 37.14166667], [97.36333333, 37.13], [97.30833333, 37.07], [97.27833333, 37.06166667], [97.19, 37.085], [97.09166667, 37.04333333], [97.06833333, 37.10833333], [97.17166667, 37.12], [97.22666667, 37.18], [97.26166667, 37.18833333], [97.35, 37.16833333], [97.44333333, 37.20666667]]]}, "properties": {"source": "CAAC XLS", "airport_name": "海西/德令哈", "icao": "ZLDL", "runway": "07/25", "airport_elevation_m": 2862.0}}, {"type": "Feature", "geometry": {"type": "Polygon", "coordinates": [[[100.49, 34.36166667], [100.44666667, 34.30833333], [100.36666667, 34.36], [100.28, 34.35666667], [100.245, 34.37166667], [100.20666667, 34.44], [100.11333333, 34.47333333], [100.15166667, 34.53166667], [100.235, 34.475], [100.32166667, 34.48333333], [100.35666667, 34.46333333], [100.39166667, 34.395], [100.49, 34.36166667]]]}, "properties": {"source": "CAAC XLS", "airport_name": "果洛/玛沁", "icao": "ZLGL", "runway": "12/30", "airport_elevation_m": 3787.6}}, {"type": "Feature", "geometry": {"type": "Polygon", "coordinates": [[[106.16166667, 36.23333333], [106.24166667, 36.24], [106.235, 36.155], [106.295, 36.095], [106.295, 36.07], [106.245, 36.00833333], [106.27, 35.92333333], [106.19166667, 35.91833333], [106.20166667, 36.00333333], [106.13833333, 36.06333333], [106.13833333, 36.08833333], [106.18833333, 36.15], [106.16166667, 36.23333333]]]}, "properties": {"source": "CAAC XLS", "airport_name": "固原/六盘山", "icao": "ZLGY", "runway": "18/36", "airport_elevation_m": 1745.6}}, {"type": "Feature", "geometry": {"type": "Polygon", "coordinates": [[[100.85333333, 38.00833333], [100.83333333, 37.94166667], [100.73166667, 37.97166667], [100.64833333, 37.94166667], [100.60833333, 37.94833333], [100.545, 38.00333333], [100.43666667, 38.00833333], [100.45333333, 38.075], [100.555, 38.045], [100.64166667, 38.075], [100.68166667, 38.06666667], [100.745, 38.01333333], [100.85333333, 38.00833333]]]}, "properties": {"source": "CAAC XLS", "airport_name": "海北/祁连", "icao": "ZLHB", "runway": "10/28", "airport_elevation_m": 3162.9}}, {"type": "Feature", "geometry": {"type": "Polygon", "coordinates": [[[90.98833333, 38.085], [90.92166667, 38.04833333], [90.875, 38.12333333], [90.78666667, 38.15166667], [90.76333333, 38.17833333], [90.76666667, 38.25], [90.69, 38.31333333], [90.76166667, 38.35], [90.80833333, 38.275], [90.895, 38.24666667], [90.92, 38.22], [90.91833333, 38.145], [90.98833333, 38.085]]]}, "properties": {"source": "CAAC XLS", "airport_name": "海西/花土沟", "icao": "ZLHX", "runway": "15/33", "airport_elevation_m": 2905.4}}, {"type": "Feature", "geometry": {"type": "Polygon", "coordinates": [[[107.36666667, 33.21666667], [107.395, 33.155], [107.29166667, 33.13666667], [107.24333333, 33.07833333], [107.21833333, 33.06833333], [107.13, 33.09333333], [107.04, 33.05333333], [107.01833333, 33.11333333], [107.11833333, 33.12833333], [107.16666667, 33.19166667], [107.19166667, 33.19666667], [107.27666667, 33.175], [107.36666667, 33.21666667]]]}, "properties": {"source": "CAAC XLS", "airport_name": "汉中/城固", "icao": "ZLHZ", "runway": "07/25", "airport_elevation_m": 494.6}}, {"type": "Feature", "geometry": {"type": "Polygon", "coordinates": [[[106.325, 38.16666667], [106.25333333, 38.2], [106.32, 38.26333333], [106.31, 38.33666667], [106.335, 38.36833333], [106.41833333, 38.39666667], [106.46166667, 38.475], [106.535, 38.44166667], [106.46666667, 38.37666667], [106.475, 38.305], [106.45333333, 38.27666667], [106.36333333, 38.24333333], [106.325, 38.16666667]]]}, "properties": {"source": "CAAC XLS", "airport_name": "银川/河东", "icao": "ZLIC", "runway": "03/21", "airport_elevation_m": 1141.3}}, {"type": "Feature", "geometry": {"type": "Polygon", "coordinates": [[[102.535, 38.47166667], [102.48333333, 38.42], [102.40833333, 38.48], [102.31333333, 38.485], [102.28333333, 38.50166667], [102.26, 38.57333333], [102.16166667, 38.615], [102.21333333, 38.66833333], [102.28833333, 38.605], [102.38333333, 38.6], [102.41333333, 38.58333333], [102.43666667, 38.51166667], [102.535, 38.47166667]]]}, "properties": {"source": "CAAC XLS", "airport_name": "金昌/金川", "icao": "ZLJC", "runway": "13/31", "airport_elevation_m": 1442.4}}, {"type": "Feature", "geometry": {"type": "Polygon", "coordinates": [[[98.51333333, 39.76666667], [98.45166667, 39.72166667], [98.385, 39.79166667], [98.29, 39.80666667], [98.26833333, 39.82666667], [98.25166667, 39.9], [98.16333333, 39.95], [98.22666667, 39.99833333], [98.29166667, 39.925], [98.38666667, 39.915], [98.40833333, 39.89333333], [98.425, 39.82166667], [98.51333333, 39.76666667]]]}, "properties": {"source": "CAAC XLS", "airport_name": "嘉峪关/酒泉", "icao": "ZLJQ", "runway": "14/32", "airport_elevation_m": 1559.1}}, {"type": "Feature", "geometry": {"type": "Polygon", "coordinates": [[[103.67166667, 36.35333333], [103.59333333, 36.35], [103.6, 36.435], [103.54166667, 36.49333333], [103.54, 36.52666667], [103.59166667, 36.59166667], [103.57, 36.67333333], [103.65166667, 36.67666667], [103.64166667, 36.59166667], [103.7, 36.53333333], [103.7, 36.5], [103.65, 36.435], [103.67166667, 36.35333333]]]}, "properties": {"source": "CAAC XLS", "airport_name": "兰州/中川", "icao": "ZLLL", "runway": "18/36", "airport_elevation_m": 1947.2}}, {"type": "Feature", "geometry": {"type": "Polygon", "coordinates": [[[107.75666667, 35.70333333], [107.69333333, 35.66], [107.64, 35.73333333], [107.55166667, 35.75333333], [107.52833333, 35.77], [107.52333333, 35.84666667], [107.44333333, 35.9], [107.505, 35.94333333], [107.55833333, 35.87333333], [107.65, 35.855], [107.66666667, 35.83333333], [107.675, 35.76166667], [107.75666667, 35.70333333]]]}, "properties": {"source": "CAAC XLS", "airport_name": "庆阳/西峰", "icao": "ZLQY", "runway": "14/32", "airport_elevation_m": 1412.6}}, {"type": "Feature", "geometry": {"type": "Polygon", "coordinates": [[[102.81833333, 34.815], [102.8, 34.75166667], [102.70666667, 34.78333333], [102.61833333, 34.755], [102.585, 34.76166667], [102.52833333, 34.81833333], [102.425, 34.825], [102.44333333, 34.88666667], [102.54, 34.855], [102.62333333, 34.885], [102.65833333, 34.87666667], [102.71833333, 34.82], [102.81833333, 34.815]]]}, "properties": {"source": "CAAC XLS", "airport_name": "甘南/夏河", "icao": "ZLXH", "runway": "10/28", "airport_elevation_m": 3189.8}}, {"type": "Feature", "geometry": {"type": "Polygon", "coordinates": [[[102.24166667, 36.51], [102.21833333, 36.445], [102.12333333, 36.485], [102.035, 36.46333333], [101.995, 36.47666667], [101.94166667, 36.535], [101.835, 36.55333333], [101.86333333, 36.61333333], [101.95833333, 36.57333333], [102.04333333, 36.595], [102.08666667, 36.58333333], [102.13666667, 36.525], [102.24166667, 36.51]]]}, "properties": {"source": "CAAC XLS", "airport_name": "西宁/曹家堡", "icao": "ZLXN", "runway": "11/29", "airport_elevation_m": 2184.2}}, {"type": "Feature", "geometry": {"type": "Polygon", "coordinates": [[[108.87, 34.575], [108.92166667, 34.525], [108.83666667, 34.48166667], [108.81666667, 34.40666667], [108.79166667, 34.39166667], [108.7, 34.385], [108.635, 34.31666667], [108.58333333, 34.36833333], [108.67, 34.415], [108.68833333, 34.485], [108.715, 34.505], [108.805, 34.51], [108.87, 34.575]]]}, "properties": {"source": "CAAC XLS", "airport_name": "西安/咸阳", "icao": "ZLXY", "runway": "05L/23R", "airport_elevation_m": 479.1}}, {"type": "Feature", "geometry": {"type": "Polygon", "coordinates": [[[108.89, 34.565], [108.94166667, 34.51333333], [108.85166667, 34.46666667], [108.835, 34.39666667], [108.8, 34.37166667], [108.71166667, 34.36833333], [108.64333333, 34.30166667], [108.59166667, 34.35166667], [108.68166667, 34.395], [108.70166667, 34.47], [108.73333333, 34.49], [108.82, 34.49666667], [108.89, 34.565]]]}, "properties": {"source": "CAAC XLS", "airport_name": "西安/咸阳", "icao": "ZLXY", "runway": "05R/23L", "airport_elevation_m": 479.1}}, {"type": "Feature", "geometry": {"type": "Polygon", "coordinates": [[[109.55666667, 36.33666667], [109.47833333, 36.32], [109.46666667, 36.405], [109.395, 36.45166667], [109.385, 36.47833333], [109.41833333, 36.54833333], [109.375, 36.62666667], [109.45333333, 36.64333333], [109.465, 36.55833333], [109.53666667, 36.51166667], [109.54666667, 36.485], [109.51333333, 36.415], [109.55666667, 36.33666667]]]}, "properties": {"source": "CAAC XLS", "airport_name": "延安/南泥湾", "icao": "ZLYA", "runway": "17/35", "airport_elevation_m": 1209.4}}, {"type": "Feature", "geometry": {"type": "Polygon", "coordinates": [[[109.73, 38.23166667], [109.61833333, 38.19166667], [109.6, 38.285], [109.52333333, 38.32166667], [109.51333333, 38.34166667], [109.52666667, 38.41666667], [109.45333333, 38.48666667], [109.56833333, 38.52333333], [109.60166667, 38.43333333], [109.66166667, 38.395], [109.675, 38.37], [109.65666667, 38.30166667], [109.73, 38.23166667]]]}, "properties": {"source": "CAAC XLS", "airport_name": "榆林/榆阳", "icao": "ZLYL", "runway": "16/34", "airport_elevation_m": 1185.5}}, {"type": "Feature", "geometry": {"type": "Polygon", "coordinates": [[[97.235, 32.83333333], [97.21666667, 32.76666667], [97.12166667, 32.80166667], [97.03833333, 32.77166667], [97.00166667, 32.77666667], [96.94, 32.83333333], [96.84166667, 32.84], [96.85666667, 32.90333333], [96.95333333, 32.875], [97.035, 32.90333333], [97.07166667, 32.89333333], [97.13, 32.84], [97.235, 32.83333333]]]}, "properties": {"source": "CAAC XLS", "airport_name": "玉树/巴塘", "icao": "ZLYS", "runway": "10/28", "airport_elevation_m": 3904.8}}, {"type": "Feature", "geometry": {"type": "Polygon", "coordinates": [[[105.35333333, 37.61], [105.35333333, 37.54666667], [105.24833333, 37.55666667], [105.175, 37.51166667], [105.14333333, 37.50833333], [105.06333333, 37.55166667], [104.96, 37.53333333], [104.95333333, 37.60166667], [105.06333333, 37.59166667], [105.135, 37.635], [105.16666667, 37.63833333], [105.24666667, 37.595], [105.35333333, 37.61]]]}, "properties": {"source": "CAAC XLS", "airport_name": "中卫/沙坡头", "icao": "ZLZW", "runway": "09/27", "airport_elevation_m": 1245.5}}, {"type": "Feature", "geometry": {"type": "Polygon", "coordinates": [[[100.86333333, 38.775], [100.83333333, 38.71833333], [100.73666667, 38.76166667], [100.64333333, 38.74333333], [100.615, 38.75333333], [100.565, 38.81666667], [100.45833333, 38.83833333], [100.49166667, 38.90166667], [100.585, 38.85666667], [100.67833333, 38.87333333], [100.71, 38.86], [100.76, 38.79666667], [100.86333333, 38.775]]]}, "properties": {"source": "CAAC XLS", "airport_name": "张掖/甘州", "icao": "ZLZY", "runway": "11/29", "airport_elevation_m": 1588.5}}, {"type": "Feature", "geometry": {"type": "Polygon", "coordinates": [[[80.50333333, 41.285], [80.49666667, 41.21666667], [80.38333333, 41.23833333], [80.30166667, 41.19666667], [80.26833333, 41.20166667], [80.19333333, 41.24666667], [80.07666667, 41.24333333], [80.08333333, 41.30833333], [80.19666667, 41.28666667], [80.27833333, 41.32833333], [80.31166667, 41.32666667], [80.39, 41.27833333], [80.50333333, 41.285]]]}, "properties": {"source": "CAAC XLS", "airport_name": "阿克苏/红旗坡", "icao": "ZWAK", "runway": "09/27", "airport_elevation_m": 1169.5}}, {"type": "Feature", "geometry": {"type": "Polygon", "coordinates": [[[88.30833333, 47.70333333], [88.26166667, 47.64833333], [88.16333333, 47.7], [88.05333333, 47.68833333], [88.025, 47.70166667], [87.97666667, 47.76833333], [87.86, 47.795], [87.90666667, 47.855], [88.00833333, 47.8], [88.11833333, 47.81], [88.14166667, 47.8], [88.19166667, 47.73333333], [88.30833333, 47.70333333]]]}, "properties": {"source": "CAAC XLS", "airport_name": "阿勒泰/雪都", "icao": "ZWAT", "runway": "12/30", "airport_elevation_m": 759.2}}, {"type": "Feature", "geometry": {"type": "Polygon", "coordinates": [[[82.525, 44.895], [82.50666667, 44.83333333], [82.39333333, 44.86], [82.30166667, 44.83166667], [82.26833333, 44.83333333], [82.19666667, 44.88833333], [82.07666667, 44.895], [82.09166667, 44.95666667], [82.205, 44.93], [82.30333333, 44.95833333], [82.33333333, 44.95666667], [82.40666667, 44.90166667], [82.525, 44.895]]]}, "properties": {"source": "CAAC XLS", "airport_name": "博乐/阿拉山口", "icao": "ZWBL", "runway": "10/28", "airport_elevation_m": 398.1}}, {"type": "Feature", "geometry": {"type": "Polygon", "coordinates": [[[85.57666667, 38.36833333], [85.635, 38.32], [85.55166667, 38.27], [85.53333333, 38.19833333], [85.51, 38.18], [85.41833333, 38.16833333], [85.355, 38.09666667], [85.29166667, 38.145], [85.37833333, 38.195], [85.39333333, 38.27166667], [85.41666667, 38.29], [85.51333333, 38.3], [85.57666667, 38.36833333]]]}, "properties": {"source": "CAAC XLS", "airport_name": "且末/玉都", "icao": "ZWCM", "runway": "04/22", "airport_elevation_m": 1220.1}}, {"type": "Feature", "geometry": {"type": "Polygon", "coordinates": [[[89.73333333, 46.75333333], [89.685, 46.69833333], [89.59, 46.75], [89.48166667, 46.74166667], [89.45, 46.75666667], [89.405, 46.82166667], [89.28833333, 46.85333333], [89.33666667, 46.91], [89.43666667, 46.85666667], [89.545, 46.86666667], [89.575, 46.85166667], [89.61666667, 46.78666667], [89.73333333, 46.75333333]]]}, "properties": {"source": "CAAC XLS", "airport_name": "富蕴/可可托海", "icao": "ZWFY", "runway": "12/30", "airport_elevation_m": 939.6}}, {"type": "Feature", "geometry": {"type": "Polygon", "coordinates": [[[86.11166667, 44.26666667], [86.10333333, 44.20166667], [85.98666667, 44.21666667], [85.90166667, 44.17666667], [85.87166667, 44.17833333], [85.79166667, 44.225], [85.67, 44.21666667], [85.675, 44.285], [85.79166667, 44.26833333], [85.88, 44.305], [85.91, 44.30333333], [85.99, 44.25666667], [86.11166667, 44.26666667]]]}, "properties": {"source": "CAAC XLS", "airport_name": "石河子/花园", "icao": "ZWHZ", "runway": "09/27", "airport_elevation_m": 517.6}}, {"type": "Feature", "geometry": {"type": "Polygon", "coordinates": [[[83.075, 41.73], [83.085, 41.665], [82.97333333, 41.66833333], [82.9, 41.61833333], [82.86833333, 41.615], [82.78166667, 41.65166667], [82.66833333, 41.625], [82.65833333, 41.69333333], [82.775, 41.68833333], [82.84833333, 41.73833333], [82.87666667, 41.74333333], [82.96666667, 41.705], [83.075, 41.73]]]}, "properties": {"source": "CAAC XLS", "airport_name": "库车/龟兹", "icao": "ZWKC", "runway": "08/26", "airport_elevation_m": 1038.8}}, {"type": "Feature", "geometry": {"type": "Polygon", "coordinates": [[[85.135, 45.37166667], [85.06833333, 45.325], [85.00166667, 45.4], [84.89833333, 45.41666667], [84.875, 45.435], [84.86166667, 45.50666667], [84.77, 45.56166667], [84.84, 45.605], [84.90666667, 45.53333333], [85.01, 45.51666667], [85.03333333, 45.50166667], [85.04166667, 45.42666667], [85.135, 45.37166667]]]}, "properties": {"source": "CAAC XLS", "airport_name": "克拉玛依/古海", "icao": "ZWKM", "runway": "13/31", "airport_elevation_m": 274.8}}, {"type": "Feature", "geometry": {"type": "Polygon", "coordinates": [[[87.21166667, 48.15333333], [87.15166667, 48.10333333], [87.065, 48.16166667], [86.95, 48.16333333], [86.92333333, 48.18], [86.89333333, 48.25166667], [86.78, 48.29166667], [86.83666667, 48.34166667], [86.92666667, 48.28333333], [87.03833333, 48.27833333], [87.06833333, 48.26833333], [87.10166667, 48.19666667], [87.21166667, 48.15333333]]]}, "properties": {"source": "CAAC XLS", "airport_name": "布尔津/喀纳斯", "icao": "ZWKN", "runway": "12/30", "airport_elevation_m": 1196.4}}, {"type": "Feature", "geometry": {"type": "Polygon", "coordinates": [[[83.58666667, 43.47666667], [83.59333333, 43.40833333], [83.475, 43.41833333], [83.39666667, 43.37], [83.36833333, 43.36666667], [83.28333333, 43.40833333], [83.16833333, 43.38666667], [83.16166667, 43.455], [83.28, 43.445], [83.35833333, 43.49333333], [83.38666667, 43.495], [83.47166667, 43.45833333], [83.58666667, 43.47666667]]]}, "properties": {"source": "CAAC XLS", "airport_name": "新源/那拉提", "icao": "ZWNL", "runway": "08/26", "airport_elevation_m": 936.5}}, {"type": "Feature", "geometry": {"type": "Polygon", "coordinates": [[[89.77333333, 44.19666667], [89.77333333, 44.13166667], [89.65333333, 44.145], [89.57166667, 44.10333333], [89.53666667, 44.10166667], [89.45, 44.145], [89.335, 44.135], [89.335, 44.2], [89.45, 44.185], [89.53666667, 44.22833333], [89.57166667, 44.22833333], [89.65333333, 44.185], [89.77333333, 44.19666667]]]}, "properties": {"source": "CAAC XLS", "airport_name": "奇台/江布拉克", "icao": "ZWQT", "runway": "09/27", "airport_elevation_m": 663.2}}, {"type": "Feature", "geometry": {"type": "Polygon", "coordinates": [[[76.225, 39.58333333], [76.23, 39.52], [76.11666667, 39.525], [76.04166667, 39.47833333], [76.005, 39.47666667], [75.92666667, 39.51666667], [75.81833333, 39.50166667], [75.81, 39.56833333], [75.92333333, 39.55666667], [75.99833333, 39.60666667], [76.035, 39.60833333], [76.11333333, 39.56833333], [76.225, 39.58333333]]]}, "properties": {"source": "CAAC XLS", "airport_name": "喀什/徕宁", "icao": "ZWSH", "runway": "08/26", "airport_elevation_m": 1380.5}}, {"type": "Feature", "geometry": {"type": "Polygon", "coordinates": [[[83.56, 46.61], [83.50666667, 46.55833333], [83.41666667, 46.61333333], [83.30833333, 46.61333333], [83.28, 46.625], [83.245, 46.695], [83.13166667, 46.73166667], [83.185, 46.78333333], [83.275, 46.72833333], [83.38333333, 46.72833333], [83.41166667, 46.71666667], [83.45, 46.64666667], [83.56, 46.61]]]}, "properties": {"source": "CAAC XLS", "airport_name": "塔城/千泉", "icao": "ZWTC", "runway": "12/30", "airport_elevation_m": 611.0}}, {"type": "Feature", "geometry": {"type": "Polygon", "coordinates": [[[75.405, 37.52333333], [75.33166667, 37.5], [75.305, 37.58333333], [75.225, 37.62], [75.20833333, 37.65333333], [75.22666667, 37.72666667], [75.17, 37.79666667], [75.24833333, 37.825], [75.275, 37.74166667], [75.35333333, 37.70333333], [75.37, 37.67166667], [75.35166667, 37.59666667], [75.405, 37.52333333]]]}, "properties": {"source": "CAAC XLS", "airport_name": "塔什库尔干/红其拉普", "icao": "ZWTK", "runway": "15/33", "airport_elevation_m": 3258.4}}, {"type": "Feature", "geometry": {"type": "Polygon", "coordinates": [[[89.31333333, 43.065], [89.31333333, 42.99666667], [89.19666667, 43.01], [89.11833333, 42.96833333], [89.08, 42.96833333], [89.0, 43.01], [88.885, 42.99666667], [88.885, 43.065], [89.0, 43.05], [89.08, 43.09333333], [89.11833333, 43.09333333], [89.19666667, 43.05], [89.31333333, 43.065]]]}, "properties": {"source": "CAAC XLS", "airport_name": "吐鲁番/交河", "icao": "ZWTL", "runway": "09/27", "airport_elevation_m": 281.8}}, {"type": "Feature", "geometry": {"type": "Polygon", "coordinates": [[[80.06666667, 37.01333333], [80.03666667, 36.95166667], [79.94166667, 36.995], [79.85166667, 36.975], [79.81833333, 36.985], [79.76833333, 37.04333333], [79.66333333, 37.06333333], [79.69166667, 37.125], [79.78333333, 37.085], [79.87333333, 37.10166667], [79.90666667, 37.09166667], [79.96166667, 37.03], [80.06666667, 37.01333333]]]}, "properties": {"source": "CAAC XLS", "airport_name": "和田/昆冈", "icao": "ZWTN", "runway": "11/29", "airport_elevation_m": 1423.8}}, {"type": "Feature", "geometry": {"type": "Polygon", "coordinates": [[[87.675, 43.98333333], [87.7, 43.92333333], [87.58333333, 43.90833333], [87.52, 43.85], [87.47666667, 43.84], [87.37833333, 43.86833333], [87.27333333, 43.83166667], [87.245, 43.89166667], [87.36333333, 43.90333333], [87.42666667, 43.965], [87.47, 43.97166667], [87.56666667, 43.94666667], [87.675, 43.98333333]]]}, "properties": {"source": "CAAC XLS", "airport_name": "乌鲁木齐/地窝堡", "icao": "ZWWW", "runway": "07/25", "airport_elevation_m": 647.6}}, {"type": "Feature", "geometry": {"type": "Polygon", "coordinates": [[[81.49666667, 44.06166667], [81.54166667, 44.00166667], [81.43166667, 43.97166667], [81.385, 43.905], [81.36166667, 43.89666667], [81.25666667, 43.90333333], [81.16166667, 43.85333333], [81.11833333, 43.90833333], [81.23166667, 43.93833333], [81.27333333, 44.005], [81.3, 44.01833333], [81.405, 44.00666667], [81.49666667, 44.06166667]]]}, "properties": {"source": "CAAC XLS", "airport_name": "伊宁", "icao": "ZWYN", "runway": "06/24", "airport_elevation_m": 683.8}}, {"type": "Feature", "geometry": {"type": "Polygon", "coordinates": [[[81.4, 43.18333333], [81.43833333, 43.12666667], [81.325, 43.1], [81.27833333, 43.035], [81.24666667, 43.02666667], [81.14666667, 43.03833333], [81.04666667, 42.99333333], [81.00833333, 43.05], [81.12333333, 43.07666667], [81.17333333, 43.14166667], [81.20166667, 43.15], [81.305, 43.13833333], [81.4, 43.18333333]]]}, "properties": {"source": "CAAC XLS", "airport_name": "昭苏/天马", "icao": "ZWZS", "runway": "06/24", "airport_elevation_m": 1739.4}}]}